id,Geographic Area Name,total_households,smartphone_households,smartphone_ownership
0500000US01117,"Shelby County, Alabama",80944,73297,0.9055272781182052
0500000US01121,"Talladega County, Alabama",31219,24141,0.7732790928601172
0500000US01125,"Tuscaloosa County, Alabama",74053,62290,0.84115430840074
0500000US04021,"Pinal County, Arizona",147936,126346,0.8540585117888817
0500000US06045,"Mendocino County, California",33794,26386,0.7807894892584483
0500000US06059,"Orange County, California",1040394,948574,0.9117449735388709
0500000US06067,"Sacramento County, California",543560,487567,0.8969883729487085
0500000US12017,"Citrus County, Florida",62293,46134,0.7405968567896875
0500000US17143,"Peoria County, Illinois",71506,60531,0.846516376248147
0500000US18059,"Hancock County, Indiana",29605,25468,0.8602600912008107
0500000US18067,"Howard County, Indiana",35139,29459,0.8383562423518028
0500000US22105,"Tangipahoa Parish, Louisiana",47401,38276,0.8074935127950887
0500000US25003,"Berkshire County, Massachusetts",55212,41807,0.757208577845396
0500000US27139,"Scott County, Minnesota",50040,45646,0.9121902478017586
0500000US36087,"Rockland County, New York",99502,78850,0.7924463829872767
0500000US36105,"Sullivan County, New York",28900,22384,0.7745328719723183
0500000US37037,"Chatham County, North Carolina",28343,23074,0.8140987192604876
0500000US37085,"Harnett County, North Carolina",46015,39966,0.8685428664565903
0500000US37195,"Wilson County, North Carolina",31817,23825,0.7488135273595876
0500000US39007,"Ashtabula County, Ohio",35445,25076,0.7074622654817323
0500000US39013,"Belmont County, Ohio",24742,18098,0.7314687575782071
0500000US40031,"Comanche County, Oklahoma",42489,37018,0.8712372614088352
0500000US42013,"Blair County, Pennsylvania",51096,38250,0.7485908877407234
0500000US42039,"Crawford County, Pennsylvania",34386,24617,0.7159018205083464
0500000US42051,"Fayette County, Pennsylvania",56085,40673,0.7252028171525363
0500000US47113,"Madison County, Tennessee",39223,31634,0.8065165846569615
0500000US48027,"Bell County, Texas",123188,101955,0.8276374322174238
0500000US48061,"Cameron County, Texas",124812,97246,0.7791398262987533
0500000US49057,"Weber County, Utah",85615,77140,0.9010103369736612
0500000US51165,"Rockingham County, Virginia",31462,24643,0.7832623482296103
0500000US51700,"Newport News city, Virginia",71291,58328,0.8181677911657853
0500000US51710,"Norfolk city, Virginia",89338,78112,0.8743423850992859
0500000US51810,"Virginia Beach city, Virginia",172183,155953,0.9057398233275062
0500000US53007,"Chelan County, Washington",31587,26887,0.8512046094912464
0500000US01015,"Calhoun County, Alabama",44264,32921,0.7437420928971625
0500000US08005,"Arapahoe County, Colorado",242141,216878,0.895668226363978
0500000US13013,"Barrow County, Georgia",27525,24081,0.8748773841961853
0500000US13157,"Jackson County, Georgia",23640,20611,0.8718697123519459
0500000US13245,"Richmond County, Georgia",70534,57371,0.8133807808999914
0500000US13285,"Troup County, Georgia",25417,20659,0.8128024550497699
0500000US19061,"Dubuque County, Iowa",38501,30210,0.7846549440274279
0500000US21227,"Warren County, Kentucky",48843,41673,0.8532031202014618
0500000US27019,"Carver County, Minnesota",36925,33439,0.9055924170616114
0500000US28075,"Lauderdale County, Mississippi",29993,24254,0.8086553529156804
0500000US28081,"Lee County, Mississippi",32527,25990,0.799028499400498
0500000US28121,"Rankin County, Mississippi",55483,48399,0.8723212515545302
0500000US36111,"Ulster County, New York",69154,56967,0.823770136217717
0500000US37183,"Wake County, North Carolina",408473,378430,0.9264504630661022
0500000US39093,"Lorain County, Ohio",121344,98715,0.8135136471518988
0500000US40119,"Payne County, Oklahoma",30734,26683,0.8681915793583653
0500000US40131,"Rogers County, Oklahoma",35254,31096,0.88205593691496
0500000US42081,"Lycoming County, Pennsylvania",44585,32546,0.7299764494785241
0500000US45015,"Berkeley County, South Carolina",78168,66474,0.8503991403131717
0500000US45085,"Sumter County, South Carolina",40396,32888,0.8141400138627587
0500000US47147,"Robertson County, Tennessee",26375,23395,0.8870142180094787
0500000US48085,"Collin County, Texas",344824,327545,0.9498903788599401
0500000US49045,"Tooele County, Utah",20411,18039,0.8837881534466709
0500000US53041,"Lewis County, Washington",30327,24667,0.8133676262076698
0500000US53053,"Pierce County, Washington",328519,290850,0.8853369211522012
0500000US54061,"Monongalia County, West Virginia",40603,35329,0.8701081200896486
0500000US55009,"Brown County, Wisconsin",104470,85302,0.8165214894228008
0500000US06115,"Yuba County, California",26191,20364,0.777518995074644
0500000US13051,"Chatham County, Georgia",107921,96285,0.8921803912120904
0500000US13063,"Clayton County, Georgia",96286,84383,0.8763787051077
0500000US13113,"Fayette County, Georgia",39366,34918,0.8870090941421531
0500000US13223,"Paulding County, Georgia",53630,49352,0.9202312138728324
0500000US17043,"DuPage County, Illinois",345714,308355,0.8919366875509814
0500000US17089,"Kane County, Illinois",183633,161409,0.8789760010455637
0500000US18089,"Lake County, Indiana",186769,151954,0.813593262265151
0500000US21059,"Daviess County, Kentucky",39590,32248,0.8145491285678201
0500000US21185,"Oldham County, Kentucky",21237,19427,0.9147713895559636
0500000US25009,"Essex County, Massachusetts",295481,245849,0.8320298090232536
0500000US26163,"Wayne County, Michigan",687546,563830,0.820061494067306
0500000US29165,"Platte County, Missouri",40086,36545,0.9116649204210946
0500000US36053,"Madison County, New York",26127,20718,0.7929727867723045
0500000US37159,"Rowan County, North Carolina",53806,42166,0.7836672490056871
0500000US39029,"Columbiana County, Ohio",41884,32576,0.777767166459746
0500000US41059,"Umatilla County, Oregon",26048,21412,0.8220208845208845
0500000US42045,"Delaware County, Pennsylvania",207499,175508,0.8458257630157254
0500000US42073,"Lawrence County, Pennsylvania",37497,28552,0.7614475824732645
0500000US47157,"Shelby County, Tennessee",352648,279934,0.7938057212858147
0500000US04003,"Cochise County, Arizona",49751,39741,0.7987980141102692
0500000US04005,"Coconino County, Arizona",47275,41047,0.8682601797990481
0500000US06023,"Humboldt County, California",55773,45913,0.8232119484338299
0500000US06039,"Madera County, California",44484,37465,0.8422129304918622
0500000US12097,"Osceola County, Florida",102705,91843,0.8942407867192445
0500000US13059,"Clarke County, Georgia",49698,43583,0.8769568191878949
0500000US13313,"Whitfield County, Georgia",36658,29084,0.7933875279611544
0500000US16019,"Bonneville County, Idaho",40224,35809,0.8902396579156723
0500000US22109,"Terrebonne Parish, Louisiana",37911,30165,0.7956793542771228
0500000US24015,"Cecil County, Maryland",36620,29273,0.7993719279082468
0500000US24037,"St. Mary's County, Maryland",41239,33653,0.8160479158078517
0500000US25001,"Barnstable County, Massachusetts",86671,71349,0.8232165314811183
0500000US25021,"Norfolk County, Massachusetts",267880,231780,0.8652381663431388
0500000US27163,"Washington County, Minnesota",96387,85454,0.8865718406009109
0500000US34033,"Salem County, New Jersey",23952,20334,0.8489478957915831
0500000US34035,"Somerset County, New Jersey",118729,107237,0.9032081462827111
0500000US36081,"Queens County, New York",788110,678737,0.861221149331946
0500000US36119,"Westchester County, New York",352498,302484,0.8581155070383378
0500000US37109,"Lincoln County, North Carolina",34233,29946,0.874769958811673
0500000US42003,"Allegheny County, Pennsylvania",543369,442876,0.8150556987976862
0500000US45035,"Dorchester County, South Carolina",55799,49684,0.8904102224054194
0500000US48231,"Hunt County, Texas",34132,29512,0.8646431501230517
0500000US51650,"Hampton city, Virginia",54800,45295,0.8265510948905109
0500000US01077,"Lauderdale County, Alabama",38670,29423,0.760874062580812
0500000US09011,"New London County, Connecticut",108098,88821,0.821671076245629
0500000US17167,"Sangamon County, Illinois",83006,70180,0.8454810495626822
0500000US21111,"Jefferson County, Kentucky",311263,259965,0.8351940320564925
0500000US21151,"Madison County, Kentucky",33396,27529,0.8243202778775901
0500000US22015,"Bossier Parish, Louisiana",50099,42856,0.8554262560130941
0500000US24009,"Calvert County, Maryland",32145,28510,0.8869186498677866
0500000US26025,"Calhoun County, Michigan",53914,42835,0.794506065214972
0500000US34025,"Monmouth County, New Jersey",236327,204567,0.8656099387712788
0500000US37119,"Mecklenburg County, North Carolina",418135,378465,0.9051263347961783
0500000US39055,"Geauga County, Ohio",35387,28334,0.8006895187498234
0500000US39119,"Muskingum County, Ohio",34471,26186,0.7596530416872154
0500000US41043,"Linn County, Oregon",48464,40738,0.8405827005612413
0500000US42017,"Bucks County, Pennsylvania",239962,205377,0.8558730132270943
0500000US42095,"Northampton County, Pennsylvania",114996,93372,0.8119586768235417
0500000US45075,"Orangeburg County, South Carolina",33561,26410,0.7869253001996365
0500000US48029,"Bexar County, Texas",644193,567142,0.8803914354859491
0500000US48091,"Comal County, Texas",53182,47188,0.8872926930164341
0500000US48361,"Orange County, Texas",30047,25486,0.8482044796485506
0500000US48497,"Wise County, Texas",22864,20322,0.8888208537438769
0500000US53009,"Clallam County, Washington",33265,25338,0.7617014880505035
0500000US72021,"Bayam√≥n Municipio, Puerto Rico",64932,51987,0.8006375900942524
0500000US72137,"Toa Baja Municipio, Puerto Rico",26085,22146,0.8489936745255894
0500000US04025,"Yavapai County, Arizona",100836,80795,0.8012515371494308
0500000US13097,"Douglas County, Georgia",49534,45939,0.9274235878386563
0500000US13135,"Gwinnett County, Georgia",297658,272511,0.9155171371170941
0500000US15007,"Kauai County, Hawaii",22685,18783,0.8279920652413489
0500000US16027,"Canyon County, Idaho",74520,64197,0.8614734299516909
0500000US18019,"Clark County, Indiana",45905,38462,0.8378607994771812
0500000US19013,"Black Hawk County, Iowa",53386,44320,0.8301801970554078
0500000US21015,"Boone County, Kentucky",47684,42885,0.8993582753124738
0500000US22051,"Jefferson Parish, Louisiana",167596,137521,0.8205506097997566
0500000US23031,"York County, Maine",88416,70170,0.7936346362649295
0500000US24027,"Howard County, Maryland",116903,108054,0.9243047654893373
0500000US24031,"Montgomery County, Maryland",368334,334006,0.9068019786389527
0500000US27053,"Hennepin County, Minnesota",508964,447911,0.8800445611084478
0500000US28067,"Jones County, Mississippi",25098,21184,0.8440513188301857
0500000US29510,"St. Louis city, Missouri",144295,114924,0.7964517135035865
0500000US34013,"Essex County, New Jersey",289921,249697,0.8612587566957896
0500000US34021,"Mercer County, New Jersey",132980,114081,0.8578808843435103
0500000US36113,"Warren County, New York",28007,19092,0.6816867211768487
0500000US36117,"Wayne County, New York",35927,28452,0.7919392100648537
0500000US37129,"New Hanover County, North Carolina",98151,87124,0.887652698393292
0500000US39081,"Jefferson County, Ohio",27292,19346,0.7088524109629195
0500000US42085,"Mercer County, Pennsylvania",46809,34929,0.746202653335897
0500000US42111,"Somerset County, Pennsylvania",28796,19315,0.6707528823447702
0500000US51800,"Suffolk city, Virginia",34890,29448,0.84402407566638
0500000US53033,"King County, Washington",897476,817680,0.9110884302198611
0500000US54033,"Harrison County, West Virginia",26878,21123,0.7858843663963092
0500000US06111,"Ventura County, California",271980,237189,0.8720825060666225
0500000US09005,"Litchfield County, Connecticut",73598,59092,0.8029022527786082
0500000US09007,"Middlesex County, Connecticut",66983,57216,0.8541868832390308
0500000US12023,"Columbia County, Florida",25678,21567,0.8399018615156943
0500000US13047,"Catoosa County, Georgia",24722,19821,0.8017555213979451
0500000US13247,"Rockdale County, Georgia",31460,28531,0.9068976478067388
0500000US13297,"Walton County, Georgia",32624,28252,0.8659882295242766
0500000US16005,"Bannock County, Idaho",30635,26564,0.8671127795005712
0500000US24003,"Anne Arundel County, Maryland",212687,188432,0.8859591794514945
0500000US28033,"DeSoto County, Mississippi",63075,56154,0.8902734839476814
0500000US29097,"Jasper County, Missouri",47846,38661,0.808029929356686
0500000US30029,"Flathead County, Montana",38372,30258,0.7885437298029814
0500000US35001,"Bernalillo County, New Mexico",270655,231122,0.853935822356875
0500000US36005,"Bronx County, New York",507370,419934,0.8276681711571438
0500000US37019,"Brunswick County, North Carolina",56752,47542,0.8377149703975191
0500000US37021,"Buncombe County, North Carolina",108411,88618,0.8174262759314092
0500000US37127,"Nash County, North Carolina",37767,29899,0.7916699764344534
0500000US37193,"Wilkes County, North Carolina",30123,22053,0.7320983965740464
0500000US39035,"Cuyahoga County, Ohio",542122,437908,0.8077665174997509
0500000US39061,"Hamilton County, Ohio",344562,288125,0.8362065462819464
0500000US39165,"Warren County, Ohio",83540,75559,0.9044649269810869
0500000US40017,"Canadian County, Oklahoma",45344,39765,0.876962773465067
0500000US42029,"Chester County, Pennsylvania",192746,167691,0.8700102725867204
0500000US42077,"Lehigh County, Pennsylvania",138586,114110,0.8233876437735413
0500000US45063,"Lexington County, South Carolina",115566,99985,0.8651766090372601
0500000US47119,"Maury County, Tennessee",34361,28908,0.8413026396205
0500000US47189,"Wilson County, Tennessee",52489,45931,0.8750595362837928
0500000US48203,"Harrison County, Texas",22928,18193,0.7934839497557572
0500000US51041,"Chesterfield County, Virginia",126748,112426,0.8870041341875217
0500000US55131,"Washington County, Wisconsin",55488,46217,0.8329188292964245
0500000US09003,"Hartford County, Connecticut",348049,293271,0.842614114679255
0500000US12033,"Escambia County, Florida",118820,99780,0.8397576165628682
0500000US18039,"Elkhart County, Indiana",73660,61103,0.8295275590551181
0500000US18109,"Morgan County, Indiana",25968,21024,0.8096118299445472
0500000US19049,"Dallas County, Iowa",35492,32489,0.9153893835230474
0500000US23011,"Kennebec County, Maine",54299,42162,0.7764783881839444
0500000US26049,"Genesee County, Michigan",169469,133353,0.7868872773191558
0500000US26087,"Lapeer County, Michigan",33560,26521,0.7902562574493445
0500000US26145,"Saginaw County, Michigan",78740,61328,0.7788671577343155
0500000US30013,"Cascade County, Montana",35558,27392,0.7703470386410934
0500000US32003,"Clark County, Nevada",808605,708909,0.8767061791604058
0500000US36007,"Broome County, New York",75539,58901,0.779742914256212
0500000US36027,"Dutchess County, New York",108071,91248,0.8443338175828853
0500000US37023,"Burke County, North Carolina",36157,27568,0.7624526371103797
0500000US37035,"Catawba County, North Carolina",62861,51621,0.8211927904424047
0500000US37125,"Moore County, North Carolina",40756,31884,0.7823142604769849
0500000US39009,"Athens County, Ohio",22533,17323,0.7687835618870101
0500000US39023,"Clark County, Ohio",55327,44032,0.7958501274242232
0500000US39099,"Mahoning County, Ohio",97365,74841,0.7686643044215067
0500000US45051,"Horry County, South Carolina",131180,110105,0.8393428876353103
0500000US47093,"Knox County, Tennessee",185416,159886,0.862309617293006
0500000US51061,"Fauquier County, Virginia",25134,22382,0.8905068831065489
0500000US72127,"San Juan Municipio, Puerto Rico",147267,81283,0.5519430693909702
0500000US01069,"Houston County, Alabama",38861,27072,0.6966367309127403
0500000US06083,"Santa Barbara County, California",146224,128538,0.8790485829959515
0500000US10003,"New Castle County, Delaware",206351,181305,0.878624285804285
0500000US12113,"Santa Rosa County, Florida",63891,56805,0.8890923604263511
0500000US13295,"Walker County, Georgia",26895,20500,0.7622234616099647
0500000US20091,"Johnson County, Kansas",231184,210692,0.9113606477956953
0500000US25017,"Middlesex County, Massachusetts",612224,528593,0.8633980373196738
0500000US25025,"Suffolk County, Massachusetts",315049,275539,0.87459093664795
0500000US26055,"Grand Traverse County, Michigan",36782,30999,0.8427763580011962
0500000US27137,"St. Louis County, Minnesota",84370,65671,0.7783690885385801
0500000US31153,"Sarpy County, Nebraska",66273,59507,0.8979071416715706
0500000US33011,"Hillsborough County, New Hampshire",161649,139274,0.8615828121423579
0500000US34017,"Hudson County, New Jersey",263924,236019,0.8942688046558858
0500000US37025,"Cabarrus County, North Carolina",73751,65570,0.8890726905397893
0500000US38015,"Burleigh County, North Dakota",40736,33864,0.8313040062843676
0500000US39085,"Lake County, Ohio",96577,80163,0.8300423496277581
0500000US39153,"Summit County, Ohio",226243,185551,0.8201402916333324
0500000US40037,"Creek County, Oklahoma",26957,22018,0.8167822828949809
0500000US41039,"Lane County, Oregon",156072,132240,0.8473012455789636
0500000US42001,"Adams County, Pennsylvania",39570,30854,0.7797321202931514
0500000US42041,"Cumberland County, Pennsylvania",102243,81786,0.7999178427863032
0500000US47065,"Hamilton County, Tennessee",146057,122897,0.8414317697885072
0500000US47179,"Washington County, Tennessee",54433,45093,0.8284129112854335
0500000US49005,"Cache County, Utah",39224,35681,0.9096726493983276
0500000US53015,"Cowlitz County, Washington",43279,35686,0.8245569444765359
0500000US54081,"Raleigh County, West Virginia",31169,21901,0.702653277294748
0500000US72013,"Arecibo Municipio, Puerto Rico",30206,19304,0.639078328808846
0500000US01103,"Morgan County, Alabama",45851,36028,0.7857625787878127
0500000US06031,"Kings County, California",43727,37694,0.8620303245134585
0500000US06089,"Shasta County, California",68198,56416,0.8272383354350568
0500000US12073,"Leon County, Florida",113390,101385,0.8941264661786754
0500000US12103,"Pinellas County, Florida",405892,332556,0.8193213958392873
0500000US17093,"Kendall County, Illinois",40716,37275,0.9154877689360448
0500000US26017,"Bay County, Michigan",44469,36170,0.8133756099754885
0500000US26159,"Van Buren County, Michigan",28607,22797,0.7969028559443493
0500000US32031,"Washoe County, Nevada",185709,163579,0.8808350699212208
0500000US33013,"Merrimack County, New Hampshire",58521,47751,0.8159635002819501
0500000US39045,"Fairfield County, Ohio",55934,45916,0.8208960560660779
0500000US45041,"Florence County, South Carolina",50518,40539,0.8024664476028346
0500000US48005,"Angelina County, Texas",29898,24337,0.8140009365174928
0500000US53057,"Skagit County, Washington",48474,40891,0.8435656228081033
0500000US53067,"Thurston County, Washington",110713,94646,0.8548770243783477
0500000US54039,"Kanawha County, West Virginia",78482,62274,0.793481307815805
0500000US55025,"Dane County, Wisconsin",226350,198661,0.8776717472940136
0500000US01097,"Mobile County, Alabama",158627,129208,0.8145397693961306
0500000US06013,"Contra Costa County, California",396133,359390,0.9072457987595075
0500000US12083,"Marion County, Florida",143441,108551,0.7567641051024463
0500000US12091,"Okaloosa County, Florida",79570,70849,0.8903983913535252
0500000US12117,"Seminole County, Florida",179274,161046,0.8983232370561264
0500000US13073,"Columbia County, Georgia",47167,41805,0.8863188246019463
0500000US13095,"Dougherty County, Georgia",33717,26831,0.7957706794791944
0500000US13151,"Henry County, Georgia",75926,68563,0.903023997049759
0500000US13153,"Houston County, Georgia",58155,52522,0.903138165248044
0500000US17183,"Vermilion County, Illinois",30166,22249,0.7375522110985878
0500000US17197,"Will County, Illinois",231647,205737,0.888148778097709
0500000US18141,"St. Joseph County, Indiana",107730,88498,0.8214796249883969
0500000US19163,"Scott County, Iowa",66905,56984,0.8517151184515358
0500000US23019,"Penobscot County, Maine",61765,46186,0.7477697725248927
0500000US26111,"Midland County, Michigan",34091,27009,0.7922618873016338
0500000US26115,"Monroe County, Michigan",61586,49291,0.8003604715357386
0500000US27145,"Stearns County, Minnesota",58510,48675,0.8319090753717313
0500000US35061,"Valencia County, New Mexico",28379,22544,0.7943902181190317
0500000US36101,"Steuben County, New York",40578,30228,0.7449356794322046
0500000US37097,"Iredell County, North Carolina",68328,57272,0.8381922491511533
0500000US38017,"Cass County, North Dakota",74343,64924,0.8733034717458268
0500000US38101,"Ward County, North Dakota",27887,23075,0.8274464804389142
0500000US41051,"Multnomah County, Oregon",330223,297293,0.9002795080899877
0500000US42021,"Cambria County, Pennsylvania",56483,38898,0.6886673866473099
0500000US48485,"Wichita County, Texas",46757,39411,0.8428898346771606
0500000US51015,"Augusta County, Virginia",29783,24155,0.8110331397105731
0500000US51550,"Chesapeake city, Virginia",86122,75720,0.8792178537423655
0500000US51770,"Roanoke city, Virginia",41353,32566,0.7875123932967378
0500000US54011,"Cabell County, West Virginia",38024,30479,0.801572690932043
0500000US55141,"Wood County, Wisconsin",32274,23684,0.7338414823077399
0500000US72061,"Guaynabo Municipio, Puerto Rico",27857,21995,0.7895681516315468
0500000US01083,"Limestone County, Alabama",32333,26811,0.8292147341725172
0500000US05051,"Garland County, Arkansas",40407,34146,0.8450515999703022
0500000US08069,"Larimer County, Colorado",139382,125987,0.9038972033691581
0500000US12035,"Flagler County, Florida",41274,31611,0.7658816688472162
0500000US17201,"Winnebago County, Illinois",114337,94465,0.8261979936503494
0500000US24025,"Harford County, Maryland",94802,80996,0.8543701609670682
0500000US30031,"Gallatin County, Montana",44423,39672,0.8930508970578304
0500000US37157,"Rockingham County, North Carolina",37476,24580,0.6558864339844167
0500000US39155,"Trumbull County, Ohio",83303,65261,0.7834171638476406
0500000US42019,"Butler County, Pennsylvania",77764,61311,0.7884239493853197
0500000US42049,"Erie County, Pennsylvania",109797,86883,0.7913057733817864
0500000US42079,"Luzerne County, Pennsylvania",128301,98798,0.7700485576885605
0500000US45055,"Kershaw County, South Carolina",24756,20118,0.8126514784294716
0500000US51107,"Loudoun County, Virginia",133417,125486,0.9405548018618317
0500000US72135,"Toa Alta Municipio, Puerto Rico",21511,17579,0.8172097996373948
0500000US01073,"Jefferson County, Alabama",255940,211652,0.8269594436195984
0500000US04013,"Maricopa County, Arizona",1582464,1404488,0.887532354606487
0500000US05069,"Jefferson County, Arkansas",25689,21133,0.822647825917708
0500000US05145,"White County, Arkansas",29577,23093,0.7807756026642323
0500000US06079,"San Luis Obispo County, California",106198,91849,0.8648844611009624
0500000US08014,"Broomfield County, Colorado",28530,27395,0.960217315106905
0500000US09009,"New Haven County, Connecticut",335539,275425,0.8208434787014326
0500000US12061,"Indian River County, Florida",57636,41809,0.7253973211187452
0500000US13021,"Bibb County, Georgia",57905,46756,0.8074604956394094
0500000US13089,"DeKalb County, Georgia",287001,255971,0.8918819098191295
0500000US13127,"Glynn County, Georgia",34634,28584,0.8253161633077323
0500000US16001,"Ada County, Idaho",178712,160241,0.8966437620305295
0500000US17111,"McHenry County, Illinois",114544,101567,0.8867072915211621
0500000US17179,"Tazewell County, Illinois",54123,43938,0.8118175267446373
0500000US18053,"Grant County, Indiana",26923,20205,0.7504735727816365
0500000US18081,"Johnson County, Indiana",57504,51062,0.8879730105731776
0500000US19103,"Johnson County, Iowa",60868,54790,0.900144575146218
0500000US26099,"Macomb County, Michigan",347508,292934,0.8429561333839797
0500000US27131,"Rice County, Minnesota",23358,18766,0.803407826012501
0500000US29051,"Cole County, Missouri",29593,25390,0.857973169330585
0500000US29071,"Franklin County, Missouri",40387,33200,0.8220466981949637
0500000US33017,"Strafford County, New Hampshire",48393,40044,0.8274750480441386
0500000US36067,"Onondaga County, New York",185046,144714,0.7820433838072696
0500000US36069,"Ontario County, New York",44079,36618,0.8307357244946573
0500000US37069,"Franklin County, North Carolina",26380,21023,0.7969294920394238
0500000US37161,"Rutherford County, North Carolina",26305,19508,0.7416080593043147
0500000US39169,"Wayne County, Ohio",43908,33413,0.7609774984057575
0500000US41019,"Douglas County, Oregon",45647,35543,0.7786491992902053
0500000US42055,"Franklin County, Pennsylvania",59834,45295,0.7570110639435772
0500000US42133,"York County, Pennsylvania",173958,143224,0.8233251704434403
0500000US44007,"Providence County, Rhode Island",237038,189910,0.8011795577080468
0500000US45013,"Beaufort County, South Carolina",74679,66116,0.88533590433723
0500000US47125,"Montgomery County, Tennessee",72973,65720,0.9006070738492319
0500000US47165,"Sumner County, Tennessee",68439,59197,0.8649600374055728
0500000US48251,"Johnson County, Texas",59180,53968,0.9119297059817506
0500000US48309,"McLennan County, Texas",92158,76230,0.8271663881594653
0500000US48397,"Rockwall County, Texas",34590,33090,0.9566348655680833
0500000US48409,"San Patricio County, Texas",22202,17978,0.8097468696513828
0500000US49049,"Utah County, Utah",171117,161875,0.9459901704681593
0500000US51179,"Stafford County, Virginia",48418,45347,0.9365731752653972
0500000US51510,"Alexandria city, Virginia",71740,64906,0.904739336492891
0500000US53077,"Yakima County, Washington",83320,69210,0.8306529044647144
0500000US72025,"Caguas Municipio, Puerto Rico",47374,34728,0.7330603284502047
0500000US01089,"Madison County, Alabama",152723,132790,0.8694826581457934
0500000US06087,"Santa Cruz County, California",94994,82515,0.8686338084510601
0500000US12085,"Martin County, Florida",63070,53055,0.8412081813857618
0500000US15003,"Honolulu County, Hawaii",308208,269251,0.8736015937289103
0500000US16055,"Kootenai County, Idaho",64955,54274,0.8355630821337849
0500000US17113,"McLean County, Illinois",65998,59641,0.9036788993605867
0500000US17161,"Rock Island County, Illinois",61009,50319,0.8247799504991067
0500000US18157,"Tippecanoe County, Indiana",70446,63728,0.9046361752264146
0500000US18177,"Wayne County, Indiana",28338,22105,0.7800479920954195
0500000US19193,"Woodbury County, Iowa",39253,31624,0.8056454283749013
0500000US21145,"McCracken County, Kentucky",27650,23327,0.8436528028933092
0500000US22073,"Ouachita Parish, Louisiana",55599,42260,0.7600856130505944
0500000US23001,"Androscoggin County, Maine",44897,34244,0.76272356727621
0500000US27037,"Dakota County, Minnesota",162496,144764,0.8908773139031114
0500000US27123,"Ramsey County, Minnesota",209287,177221,0.8467845590027092
0500000US36015,"Chemung County, New York",34325,26418,0.7696431172614713
0500000US42097,"Northumberland County, Pennsylvania",38816,27900,0.7187757625721352
0500000US46103,"Pennington County, South Dakota",44794,36068,0.8051971246149038
0500000US48037,"Bowie County, Texas",35228,26724,0.7586011127512207
0500000US48141,"El Paso County, Texas",270160,232160,0.8593426117856086
0500000US49053,"Washington County, Utah",59863,51173,0.8548352070561115
0500000US51003,"Albemarle County, Virginia",41956,36047,0.8591619792163219
0500000US51680,"Lynchburg city, Virginia",28500,23785,0.834561403508772
0500000US53063,"Spokane County, Washington",206191,176624,0.8566038284891193
0500000US55097,"Portage County, Wisconsin",29193,23409,0.8018703113760148
0500000US01043,"Cullman County, Alabama",30323,24088,0.7943805032483593
0500000US06037,"Los Angeles County, California",3313908,2933995,0.8853580123527871
0500000US06061,"Placer County, California",144691,130357,0.9009337139144799
0500000US09013,"Tolland County, Connecticut",55619,46924,0.8436685305381255
0500000US10005,"Sussex County, Delaware",93479,75321,0.8057531638121931
0500000US13031,"Bulloch County, Georgia",27097,22820,0.8421596486695945
0500000US13115,"Floyd County, Georgia",34672,27356,0.7889940009229349
0500000US13217,"Newton County, Georgia",38436,35271,0.9176553231345613
0500000US17031,"Cook County, Illinois",1981796,1693495,0.8545253901006965
0500000US21047,"Christian County, Kentucky",26114,21449,0.8213601899364326
0500000US25011,"Franklin County, Massachusetts",30391,22684,0.74640518574578
0500000US25013,"Hampden County, Massachusetts",178678,137938,0.7719920751295627
0500000US26155,"Shiawassee County, Michigan",28218,23134,0.8198313133460912
0500000US29047,"Clay County, Missouri",91901,81311,0.8847673039466383
0500000US30063,"Missoula County, Montana",50401,43606,0.8651812464038412
0500000US30111,"Yellowstone County, Montana",66805,54223,0.8116608038320485
0500000US36045,"Jefferson County, New York",44657,36519,0.8177665315628009
0500000US39063,"Hancock County, Ohio",31606,26297,0.8320255647661836
0500000US39151,"Stark County, Ohio",152210,121862,0.8006175678339137
0500000US42005,"Armstrong County, Pennsylvania",27332,19212,0.7029123371871798
0500000US48139,"Ellis County, Texas",58633,53645,0.9149284532601095
0500000US48201,"Harris County, Texas",1600357,1427346,0.8918922465424902
0500000US48291,"Liberty County, Texas",27468,21268,0.7742828018057376
0500000US48479,"Webb County, Texas",75300,60611,0.8049269588313414
0500000US51095,"James City County, Virginia",29849,26173,0.876846795537539
0500000US51161,"Roanoke County, Virginia",38061,31184,0.8193163605790704
0500000US55059,"Kenosha County, Wisconsin",62950,53952,0.8570611596505163
0500000US06033,"Lake County, California",26774,21540,0.8045118398446254
0500000US06075,"San Francisco County, California",362827,324767,0.8951015222130657
0500000US08123,"Weld County, Colorado",107929,95876,0.8883247319997406
0500000US12005,"Bay County, Florida",73856,61328,0.8303726169844021
0500000US13015,"Bartow County, Georgia",35506,31042,0.8742747704613305
0500000US20015,"Butler County, Kansas",24692,20390,0.825773529888223
0500000US20103,"Leavenworth County, Kansas",26654,22651,0.8498161626772717
0500000US20161,"Riley County, Kansas",26617,24287,0.9124619604012473
0500000US25015,"Hampshire County, Massachusetts",58902,47893,0.8130963294964517
0500000US29031,"Cape Girardeau County, Missouri",28675,24291,0.8471142109851787
0500000US36001,"Albany County, New York",126578,103651,0.8188705778255305
0500000US36029,"Erie County, New York",390341,307511,0.7878009227829
0500000US37045,"Cleveland County, North Carolina",34574,24785,0.7168681668305663
0500000US39109,"Miami County, Ohio",41148,33648,0.8177311169437154
0500000US39145,"Scioto County, Ohio",28719,22492,0.7831749016330652
0500000US41005,"Clackamas County, Oregon",158749,138259,0.8709283208083201
0500000US45077,"Pickens County, South Carolina",48185,39197,0.8134689218636505
0500000US47163,"Sullivan County, Tennessee",64504,49572,0.7685104799702344
0500000US53027,"Grays Harbor County, Washington",27674,21358,0.7717713377177133
0500000US72139,"Trujillo Alto Municipio, Puerto Rico",23195,18130,0.781633972838974
0500000US05031,"Craighead County, Arkansas",42631,35618,0.8354952968497104
0500000US06071,"San Bernardino County, California",638647,569660,0.8919794503066639
0500000US12099,"Palm Beach County, Florida",552286,482173,0.8730494707452299
0500000US12107,"Putnam County, Florida",27927,21414,0.7667848318831239
0500000US13117,"Forsyth County, Georgia",81353,75602,0.9293080771452804
0500000US13121,"Fulton County, Georgia",417157,377153,0.9041032512938774
0500000US17097,"Lake County, Illinois",246620,218789,0.8871502716730192
0500000US20173,"Sedgwick County, Kansas",198024,170906,0.8630570031915323
0500000US26005,"Allegan County, Michigan",43992,36703,0.8343107837788689
0500000US26081,"Kent County, Michigan",244046,208125,0.8528105357186759
0500000US29037,"Cass County, Missouri",40197,34197,0.8507351294872751
0500000US29189,"St. Louis County, Missouri",408117,350541,0.8589228089003889
0500000US34005,"Burlington County, New Jersey",166698,142484,0.8547433082580475
0500000US34007,"Camden County, New Jersey",188840,157186,0.8323766151239145
0500000US35035,"Otero County, New Mexico",23747,19040,0.8017854886933087
0500000US37071,"Gaston County, North Carolina",84999,68623,0.8073389098695278
0500000US37171,"Surry County, North Carolina",29230,20746,0.7097502565856996
0500000US42091,"Montgomery County, Pennsylvania",313336,274101,0.8747829805703782
0500000US46099,"Minnehaha County, South Dakota",76630,65926,0.8603158032102309
0500000US47149,"Rutherford County, Tennessee",115376,104218,0.9032901123283872
0500000US47187,"Williamson County, Tennessee",80601,75743,0.9397277949405094
0500000US48183,"Gregg County, Texas",45513,38874,0.8541295893480984
0500000US48347,"Nacogdoches County, Texas",23442,19456,0.8299633137104343
0500000US48439,"Tarrant County, Texas",722473,663042,0.9177394864583175
0500000US51069,"Frederick County, Virginia",31551,25970,0.823111787265063
0500000US55089,"Ozaukee County, Wisconsin",36261,30145,0.8313339400457792
0500000US55133,"Waukesha County, Wisconsin",158368,135721,0.8569976257829864
0500000US06065,"Riverside County, California",728103,642717,0.8827281304980202
0500000US06085,"Santa Clara County, California",645108,593499,0.9199994419539054
0500000US06099,"Stanislaus County, California",175171,151663,0.8657997042889519
0500000US08101,"Pueblo County, Colorado",64954,51103,0.7867567817224498
0500000US12053,"Hernando County, Florida",76163,60706,0.7970536874860497
0500000US12101,"Pasco County, Florida",205128,166998,0.8141160641160641
0500000US12115,"Sarasota County, Florida",183721,150133,0.8171793099319076
0500000US12119,"Sumter County, Florida",62854,48464,0.7710567346549145
0500000US18011,"Boone County, Indiana",24808,22339,0.9004756530151564
0500000US26091,"Lenawee County, Michigan",38388,30816,0.8027508596436387
0500000US29183,"St. Charles County, Missouri",149951,133340,0.8892238131122834
0500000US29187,"St. Francois County, Missouri",25670,20675,0.8054148811842617
0500000US36059,"Nassau County, New York",447123,389100,0.870230339302608
0500000US36071,"Orange County, New York",128259,104054,0.8112803000179325
0500000US37133,"Onslow County, North Carolina",66834,60459,0.9046144178112937
0500000US39113,"Montgomery County, Ohio",224225,183999,0.8205998439067901
0500000US45045,"Greenville County, South Carolina",192556,162940,0.8461953925091922
0500000US47059,"Greene County, Tennessee",27316,21225,0.7770171328159321
0500000US48041,"Brazos County, Texas",81030,73422,0.9061088485746019
0500000US48209,"Hays County, Texas",75164,69088,0.9191634293012613
0500000US51059,"Fairfax County, Virginia",396628,367215,0.925842351019091
0500000US12081,"Manatee County, Florida",150814,126558,0.8391661251607941
0500000US13057,"Cherokee County, Georgia",89974,83879,0.9322582079267344
0500000US13215,"Muscogee County, Georgia",72862,60732,0.8335209025280668
0500000US15001,"Hawaii County, Hawaii",71565,53632,0.7494166142667505
0500000US18127,"Porter County, Indiana",66144,56175,0.849283381712627
0500000US22057,"Lafourche Parish, Louisiana",35838,29190,0.8144985769295161
0500000US24510,"Baltimore city, Maryland",237204,192550,0.8117485371241632
0500000US36083,"Rensselaer County, New York",64614,53243,0.8240164670195314
0500000US37057,"Davidson County, North Carolina",68761,55273,0.8038422943238173
0500000US39089,"Licking County, Ohio",62237,51065,0.8204926329996626
0500000US41029,"Jackson County, Oregon",89787,78045,0.8692238297303618
0500000US42063,"Indiana County, Pennsylvania",33098,24136,0.729228352166294
0500000US45007,"Anderson County, South Carolina",78500,64777,0.8251847133757961
0500000US48135,"Ector County, Texas",54326,47544,0.8751610646835769
0500000US48423,"Smith County, Texas",77330,67340,0.8708133971291866
0500000US48469,"Victoria County, Texas",31918,25419,0.7963844852434363
0500000US55127,"Walworth County, Wisconsin",40864,34489,0.843994714173845
0500000US01127,"Walker County, Alabama",24870,19077,0.7670687575392039
0500000US05007,"Benton County, Arkansas",100128,89237,0.8912292265899648
0500000US06101,"Sutter County, California",31989,26972,0.8431648379130326
0500000US08001,"Adams County, Colorado",168361,148482,0.8819263368594865
0500000US12087,"Monroe County, Florida",31362,27943,0.8909827179389069
0500000US12095,"Orange County, Florida",458157,417882,0.9120934526810679
0500000US13077,"Coweta County, Georgia",52114,45693,0.8767893464328204
0500000US17099,"LaSalle County, Illinois",44714,37140,0.8306123361810619
0500000US19113,"Linn County, Iowa",91747,78181,0.8521368546110499
0500000US27013,"Blue Earth County, Minnesota",26362,22736,0.862453531598513
0500000US28047,"Harrison County, Mississippi",82375,70866,0.8602852807283763
0500000US28049,"Hinds County, Mississippi",85483,71189,0.8327854661160699
0500000US29099,"Jefferson County, Missouri",85892,74607,0.8686140734876356
0500000US33009,"Grafton County, New Hampshire",35394,27146,0.7669661524552184
0500000US36013,"Chautauqua County, New York",53429,38354,0.7178498568193303
0500000US37067,"Forsyth County, North Carolina",150437,127227,0.8457161469585275
0500000US39025,"Clermont County, Ohio",77920,64984,0.8339835728952772
0500000US39041,"Delaware County, Ohio",70501,65400,0.9276464163628885
0500000US39049,"Franklin County, Ohio",519468,456595,0.8789665580940501
0500000US39103,"Medina County, Ohio",70609,60740,0.8602302822586356
0500000US47011,"Bradley County, Tennessee",39104,31996,0.8182283142389526
0500000US48021,"Bastrop County, Texas",25334,21392,0.8443988316096945
0500000US48355,"Nueces County, Texas",129987,110316,0.8486694823328487
0500000US53005,"Benton County, Washington",71921,61844,0.8598879325927059
0500000US53073,"Whatcom County, Washington",87080,74069,0.8505856683509416
0500000US04001,"Apache County, Arizona",21936,9774,0.44556892778993434
0500000US04015,"Mohave County, Arizona",90270,68707,0.7611277279273291
0500000US04019,"Pima County, Arizona",402323,346286,0.8607163895675862
0500000US05143,"Washington County, Arkansas",90001,79578,0.8841901756647148
0500000US06095,"Solano County, California",152291,137107,0.9002961435672495
0500000US11001,"District of Columbia, District of Columbia",287476,253586,0.8821118980367056
0500000US12109,"St. Johns County, Florida",90109,79234,0.8793128322365136
0500000US16083,"Twin Falls County, Idaho",32041,26303,0.8209169501576106
0500000US17115,"Macon County, Illinois",44562,35318,0.7925586822853552
0500000US18167,"Vigo County, Indiana",43262,36424,0.8419398086080163
0500000US21037,"Campbell County, Kentucky",36992,30738,0.8309364186851211
0500000US22019,"Calcasieu Parish, Louisiana",78351,63333,0.8083240801010836
0500000US22097,"St. Landry Parish, Louisiana",29965,19946,0.6656432504588686
0500000US25023,"Plymouth County, Massachusetts",189304,158854,0.8391476144191353
0500000US29043,"Christian County, Missouri",31421,27446,0.8734922504057796
0500000US30049,"Lewis and Clark County, Montana",27842,22503,0.8082393506213634
0500000US35025,"Lea County, New Mexico",23215,20144,0.8677148395433987
0500000US39157,"Tuscarawas County, Ohio",36740,28780,0.7833424060968971
0500000US40125,"Pottawatomie County, Oklahoma",26714,21949,0.8216291083327094
0500000US45091,"York County, South Carolina",100623,89495,0.8894089820418791
0500000US48441,"Taylor County, Texas",49811,42797,0.8591877296179559
0500000US48471,"Walker County, Texas",22693,19699,0.8680650420834619
0500000US50007,"Chittenden County, Vermont",66095,55615,0.84144035100991
0500000US51740,"Portsmouth city, Virginia",34578,29209,0.8447278616461333
0500000US54107,"Wood County, West Virginia",36064,27650,0.7666925465838509
0500000US56025,"Natrona County, Wyoming",32240,27116,0.8410669975186105
0500000US01055,"Etowah County, Alabama",38625,30802,0.7974627831715211
0500000US01081,"Lee County, Alabama",59336,52100,0.8780504247000135
0500000US02020,"Anchorage Municipality, Alaska",105285,98712,0.9375694543382248
0500000US08031,"Denver County, Colorado",310324,279229,0.8997982753509236
0500000US12021,"Collier County, Florida",144172,119594,0.8295230696667869
0500000US12086,"Miami-Dade County, Florida",895801,803344,0.8967884608300281
0500000US18097,"Marion County, Indiana",373634,308405,0.8254200634845865
0500000US20045,"Douglas County, Kansas",48907,43734,0.894227820148445
0500000US22063,"Livingston Parish, Louisiana",49084,43901,0.8944055089234781
0500000US26037,"Clinton County, Michigan",29783,25050,0.841083839774368
0500000US28059,"Jackson County, Mississippi",51659,45007,0.8712325054685534
0500000US36019,"Clinton County, New York",31392,23037,0.7338493883792049
0500000US36061,"New York County, New York",752258,660964,0.8786400410497462
0500000US36091,"Saratoga County, New York",94156,78981,0.8388313012447428
0500000US37001,"Alamance County, North Carolina",64700,52208,0.8069242658423493
0500000US37101,"Johnston County, North Carolina",70001,59404,0.8486164483364523
0500000US37135,"Orange County, North Carolina",53959,48391,0.896810541336941
0500000US37179,"Union County, North Carolina",77696,69564,0.8953356672158155
0500000US38035,"Grand Forks County, North Dakota",30916,26869,0.8690969077500323
0500000US39017,"Butler County, Ohio",143040,123430,0.8629054809843401
0500000US41017,"Deschutes County, Oregon",79950,71868,0.8989118198874296
0500000US42033,"Clearfield County, Pennsylvania",31992,23106,0.7222430607651913
0500000US45057,"Lancaster County, South Carolina",35710,30457,0.8528983478017362
0500000US47009,"Blount County, Tennessee",51446,41673,0.8100338218714769
0500000US48121,"Denton County, Texas",297899,281519,0.9450149211645558
0500000US48375,"Potter County, Texas",45550,38811,0.85205268935236
0500000US48453,"Travis County, Texas",486548,451224,0.9273987355821008
0500000US49011,"Davis County, Utah",104462,97356,0.9319752637322662
0500000US51013,"Arlington County, Virginia",109940,100459,0.9137620520283791
0500000US01101,"Montgomery County, Alabama",87553,71689,0.8188068941098534
0500000US06073,"San Diego County, California",1130911,1028940,0.909832869253195
0500000US06077,"San Joaquin County, California",231917,204624,0.8823156560321149
0500000US10001,"Kent County, Delaware",67841,55219,0.8139473179935437
0500000US12111,"St. Lucie County, Florida",118768,104603,0.8807338677084736
0500000US13185,"Lowndes County, Georgia",41734,30086,0.7208990271720899
0500000US17001,"Adams County, Illinois",26397,20582,0.7797098155093382
0500000US17037,"DeKalb County, Illinois",38849,34495,0.8879250431156529
0500000US17199,"Williamson County, Illinois",27815,20872,0.7503864821139673
0500000US18063,"Hendricks County, Indiana",60368,54813,0.9079810495626822
0500000US19155,"Pottawattamie County, Iowa",36635,28550,0.7793094035758155
0500000US24021,"Frederick County, Maryland",95903,84128,0.8772196907291743
0500000US24033,"Prince George's County, Maryland",315759,279824,0.886194851136468
0500000US26045,"Eaton County, Michigan",44879,38068,0.8482363689030504
0500000US26075,"Jackson County, Michigan",62598,49879,0.7968145947154861
0500000US26121,"Muskegon County, Michigan",67196,53713,0.7993481754866361
0500000US26139,"Ottawa County, Michigan",103438,89592,0.866142036775653
0500000US27003,"Anoka County, Minnesota",128140,111983,0.8739113469642579
0500000US31055,"Douglas County, Nebraska",220858,186683,0.845262566898188
0500000US31109,"Lancaster County, Nebraska",125917,109164,0.8669520398357649
0500000US33005,"Cheshire County, New Hampshire",30208,22865,0.7569186970338984
0500000US34011,"Cumberland County, New Jersey",50034,39105,0.7815685333972898
0500000US35049,"Santa Fe County, New Mexico",62707,49741,0.7932288261278645
0500000US37051,"Cumberland County, North Carolina",127911,109903,0.8592146101586259
0500000US42075,"Lebanon County, Pennsylvania",54522,41594,0.7628847070907157
0500000US47037,"Davidson County, Tennessee",283445,249303,0.8795462964596306
0500000US48113,"Dallas County, Texas",937438,818981,0.8736375098939877
0500000US48167,"Galveston County, Texas",121976,109446,0.8972748737456548
0500000US51153,"Prince William County, Virginia",143861,133765,0.9298211468014264
0500000US51199,"York County, Virginia",24996,21652,0.866218594975196
0500000US53011,"Clark County, Washington",178980,156596,0.8749357470108392
0500000US55117,"Sheboygan County, Wisconsin",46308,36982,0.7986093115660361
0500000US56021,"Laramie County, Wyoming",39678,33408,0.8419779222743082
0500000US06053,"Monterey County, California",126299,111411,0.8821209985827283
0500000US08035,"Douglas County, Colorado",125035,117729,0.9415683608589595
0500000US12031,"Duval County, Florida",367238,319945,0.8712197539470317
0500000US13255,"Spalding County, Georgia",25659,20934,0.8158540862855138
0500000US18003,"Allen County, Indiana",147638,124098,0.8405559544290765
0500000US22005,"Ascension Parish, Louisiana",45102,39933,0.8853931089530398
0500000US26161,"Washtenaw County, Michigan",143072,129046,0.9019654439722657
0500000US28089,"Madison County, Mississippi",40229,36073,0.8966914414974272
0500000US29021,"Buchanan County, Missouri",33621,28141,0.8370066327592873
0500000US29077,"Greene County, Missouri",128691,102091,0.7933033390058357
0500000US34015,"Gloucester County, New Jersey",101414,87276,0.8605912398682628
0500000US34029,"Ocean County, New Jersey",228622,175981,0.7697465685717035
0500000US34039,"Union County, New Jersey",192021,163247,0.8501518063128511
0500000US36009,"Cattaraugus County, New York",32079,22892,0.7136132672464852
0500000US36055,"Monroe County, New York",301668,246428,0.8168847872495592
0500000US36109,"Tompkins County, New York",40250,34106,0.8473540372670807
0500000US37027,"Caldwell County, North Carolina",31544,24264,0.7692112604615775
0500000US37063,"Durham County, North Carolina",127527,114800,0.9002015259513672
0500000US37191,"Wayne County, North Carolina",49019,38492,0.7852465370570595
0500000US41003,"Benton County, Oregon",35520,31299,0.8811655405405405
0500000US41067,"Washington County, Oregon",225955,205625,0.9100263326768604
0500000US42025,"Carbon County, Pennsylvania",25177,18649,0.7407157326130993
0500000US42069,"Lackawanna County, Pennsylvania",88268,69753,0.7902410839715412
0500000US45003,"Aiken County, South Carolina",68609,56754,0.827209258260578
0500000US48213,"Henderson County, Texas",30843,24285,0.7873747689913433
0500000US49035,"Salt Lake County, Utah",381831,346894,0.9085014050718774
0500000US51177,"Spotsylvania County, Virginia",45223,39889,0.8820511686531189
0500000US01051,"Elmore County, Alabama",30155,24958,0.8276571049577185
0500000US01115,"St. Clair County, Alabama",30765,23331,0.7583617747440273
0500000US05131,"Sebastian County, Arkansas",51739,44020,0.8508088675853804
0500000US06055,"Napa County, California",47315,40794,0.8621790129979922
0500000US08059,"Jefferson County, Colorado",233272,203333,0.8716562639322336
0500000US12001,"Alachua County, Florida",97782,87999,0.8999509112106523
0500000US12069,"Lake County, Florida",136366,114094,0.8366748309695965
0500000US12127,"Volusia County, Florida",218423,183317,0.8392751679081415
0500000US17119,"Madison County, Illinois",108977,88599,0.8130064141974912
0500000US18105,"Monroe County, Indiana",57102,50386,0.8823859059227348
0500000US19169,"Story County, Iowa",37290,33699,0.9037007240547064
0500000US34027,"Morris County, New Jersey",181738,158178,0.8703628300080335
0500000US36065,"Oneida County, New York",88871,68827,0.7744596099965118
0500000US36075,"Oswego County, New York",46270,35251,0.7618543332612924
0500000US37147,"Pitt County, North Carolina",69288,58404,0.842916522341531
0500000US39101,"Marion County, Ohio",24205,19463,0.8040900640363561
0500000US39173,"Wood County, Ohio",50694,43442,0.8569455951394642
0500000US41071,"Yamhill County, Oregon",37235,30324,0.8143950584127837
0500000US42011,"Berks County, Pennsylvania",157006,125895,0.801848337006229
0500000US47155,"Sevier County, Tennessee",36861,29813,0.8087952036027237
0500000US48099,"Coryell County, Texas",21491,17487,0.8136894513982598
0500000US48367,"Parker County, Texas",46238,42025,0.9088844673212509
0500000US51121,"Montgomery County, Virginia",34585,30090,0.8700303599826514
0500000US53029,"Island County, Washington",34572,29926,0.8656137915075783
0500000US55027,"Dodge County, Wisconsin",35221,28396,0.806223559808069
0500000US55039,"Fond du Lac County, Wisconsin",41009,31885,0.7775122534077885
0500000US12071,"Lee County, Florida",281222,241459,0.8586063679228509
0500000US12105,"Polk County, Florida",241171,195583,0.8109722976643129
0500000US17019,"Champaign County, Illinois",84290,73163,0.8679914580614545
0500000US21029,"Bullitt County, Kentucky",29789,24786,0.8320520997683709
0500000US26073,"Isabella County, Michigan",25367,21291,0.8393188000157685
0500000US28035,"Forrest County, Mississippi",27248,21108,0.7746623605402231
0500000US34003,"Bergen County, New Jersey",339953,297264,0.8744267589931549
0500000US34041,"Warren County, New Jersey",41742,32136,0.7698720712950985
0500000US39003,"Allen County, Ohio",41204,32713,0.793927774002524
0500000US39043,"Erie County, Ohio",31675,24711,0.7801420678768745
0500000US40145,"Wagoner County, Oklahoma",30186,26680,0.8838534419929769
0500000US41053,"Polk County, Oregon",31218,26722,0.8559805240566339
0500000US42043,"Dauphin County, Pennsylvania",112559,88646,0.7875514174788333
0500000US42089,"Monroe County, Pennsylvania",55109,45751,0.8301910758678256
0500000US44005,"Newport County, Rhode Island",34316,27588,0.8039398531297354
0500000US44009,"Washington County, Rhode Island",47680,40575,0.8509857382550335
0500000US45073,"Oconee County, South Carolina",31612,23604,0.7466784765279008
0500000US48187,"Guadalupe County, Texas",54789,47942,0.8750296592381682
0500000US48215,"Hidalgo County, Texas",237323,188377,0.7937578742894704
0500000US48329,"Midland County, Texas",57636,52326,0.9078700811992505
0500000US53061,"Snohomish County, Washington",300215,271487,0.9043085788518228
0500000US55079,"Milwaukee County, Wisconsin",384281,306367,0.7972473268259425
0500000US55101,"Racine County, Wisconsin",76808,63993,0.8331554004791167
0500000US72113,"Ponce Municipio, Puerto Rico",53450,30774,0.5757530402245089
0500000US06047,"Merced County, California",79487,69282,0.8716142262256721
0500000US06081,"San Mateo County, California",259654,237815,0.9158919177058701
0500000US02170,"Matanuska-Susitna Borough, Alaska",32198,28389,0.8817007267532145
0500000US04027,"Yuma County, Arizona",74532,60541,0.8122819728438792
0500000US05119,"Pulaski County, Arkansas",157678,134884,0.8554395667119066
0500000US13045,"Carroll County, Georgia",41197,34490,0.8371968832681992
0500000US13067,"Cobb County, Georgia",283094,265658,0.9384091503175623
0500000US13139,"Hall County, Georgia",64990,56097,0.8631635636251731
0500000US18085,"Kosciusko County, Indiana",30798,25641,0.8325540619520748
0500000US18163,"Vanderburgh County, Indiana",75058,61424,0.8183538063897253
0500000US22033,"East Baton Rouge Parish, Louisiana",163274,142629,0.8735561081372417
0500000US24013,"Carroll County, Maryland",60371,51721,0.8567192857497805
0500000US24045,"Wicomico County, Maryland",38084,30413,0.7985768301648987
0500000US25027,"Worcester County, Massachusetts",308831,257405,0.8334817424416591
0500000US26065,"Ingham County, Michigan",112170,96774,0.862744049211019
0500000US34019,"Hunterdon County, New Jersey",47733,42238,0.8848804810089456
0500000US36063,"Niagara County, New York",89765,69558,0.7748899905308305
0500000US36079,"Putnam County, New York",35425,30069,0.8488073394495412
0500000US37049,"Craven County, North Carolina",40412,34116,0.8442046916757399
0500000US37151,"Randolph County, North Carolina",54783,44806,0.8178814595768761
0500000US39141,"Ross County, Ohio",29779,22244,0.7469693408106384
0500000US40109,"Oklahoma County, Oklahoma",302645,261101,0.8627302615275323
0500000US48245,"Jefferson County, Texas",90839,76700,0.8443509946168496
0500000US48303,"Lubbock County, Texas",115686,103466,0.8943692408761648
0500000US54003,"Berkeley County, West Virginia",45800,38237,0.8348689956331877
0500000US55073,"Marathon County, Wisconsin",56245,44664,0.7940972530891635
0500000US02090,"Fairbanks North Star Borough, Alaska",36378,32903,0.9044752322832481
0500000US05085,"Lonoke County, Arkansas",28132,24229,0.8612611972131381
0500000US06001,"Alameda County, California",575410,521395,0.906127804521993
0500000US06097,"Sonoma County, California",187434,163001,0.8696447816298004
0500000US06113,"Yolo County, California",74428,66219,0.8897054871822433
0500000US09015,"Windham County, Connecticut",44571,36138,0.8107962576563236
0500000US12011,"Broward County, Florida",694980,616532,0.887121931566376
0500000US20177,"Shawnee County, Kansas",72788,58883,0.8089657635874045
0500000US21067,"Fayette County, Kentucky",131067,117221,0.8943593734502201
0500000US22017,"Caddo Parish, Louisiana",94778,75760,0.7993416193631433
0500000US22079,"Rapides Parish, Louisiana",48915,39172,0.8008177450679751
0500000US26147,"St. Clair County, Michigan",65751,53459,0.8130522729692324
0500000US27171,"Wright County, Minnesota",48863,41620,0.851769232343491
0500000US29095,"Jackson County, Missouri",288752,246861,0.8549239485787111
0500000US36051,"Livingston County, New York",23746,19325,0.8138212751621325
0500000US36103,"Suffolk County, New York",496784,424396,0.8542867725208542
0500000US40027,"Cleveland County, Oklahoma",110775,99582,0.898957345971564
0500000US40101,"Muskogee County, Oklahoma",26566,21242,0.7995934653316269
0500000US41035,"Klamath County, Oregon",26798,21459,0.8007687140831405
0500000US42101,"Philadelphia County, Pennsylvania",608233,494967,0.8137786012925967
0500000US45019,"Charleston County, South Carolina",160457,142971,0.8910237633758578
0500000US45047,"Greenwood County, South Carolina",27962,21512,0.7693298047349975
0500000US47141,"Putnam County, Tennessee",33388,27731,0.8305678686953396
0500000US48257,"Kaufman County, Texas",39049,33998,0.8706496965351226
0500000US48381,"Randall County, Texas",49457,45111,0.9121256849384314
0500000US55071,"Manitowoc County, Wisconsin",35259,27029,0.7665844181627386
0500000US55139,"Winnebago County, Wisconsin",71332,58940,0.826277126675265
0500000US72031,"Carolina Municipio, Puerto Rico",61313,46547,0.7591701596725001
0500000US01095,"Marshall County, Alabama",36022,29609,0.8219699072788851
0500000US04017,"Navajo County, Arizona",34285,24256,0.7074814058626221
0500000US06107,"Tulare County, California",139197,115080,0.8267419556455958
0500000US08077,"Mesa County, Colorado",61848,50481,0.8162107101280559
0500000US09001,"Fairfield County, Connecticut",345634,300928,0.8706550860158433
0500000US12089,"Nassau County, Florida",32624,28817,0.8833067680235409
0500000US17163,"St. Clair County, Illinois",104803,86388,0.824289381029169
0500000US18035,"Delaware County, Indiana",45311,36614,0.808059853015824
0500000US18091,"LaPorte County, Indiana",43122,35297,0.818538101201243
0500000US18095,"Madison County, Indiana",50426,40954,0.8121603934478245
0500000US21117,"Kenton County, Kentucky",64611,55230,0.8548080048288991
0500000US22055,"Lafayette Parish, Louisiana",94002,83046,0.8834492883130146
0500000US24017,"Charles County, Maryland",56947,49316,0.8659982088608706
0500000US26077,"Kalamazoo County, Michigan",104234,87707,0.8414432910566609
0500000US27109,"Olmsted County, Minnesota",63462,54566,0.859821625539693
0500000US27141,"Sherburne County, Minnesota",32033,28872,0.9013205132207411
0500000US34009,"Cape May County, New Jersey",39208,31956,0.8150377473984901
0500000US35045,"San Juan County, New Mexico",43707,32153,0.7356487519161691
0500000US36089,"St. Lawrence County, New York",41680,29812,0.7152591170825335
0500000US37081,"Guilford County, North Carolina",209842,173941,0.8289141353971083
0500000US39095,"Lucas County, Ohio",178289,146479,0.8215818137967008
0500000US40143,"Tulsa County, Oklahoma",250492,217915,0.8699479424492599
0500000US44003,"Kent County, Rhode Island",69115,55987,0.8100557042610143
0500000US48039,"Brazoria County, Texas",120802,107189,0.887311468353173
0500000US48491,"Williamson County, Texas",185345,172852,0.9325959696781677
0500000US53045,"Mason County, Washington",25864,20405,0.7889344262295082
0500000US55105,"Rock County, Wisconsin",64632,52166,0.8071234063621735
0500000US72097,"Mayag√ºez Municipio, Puerto Rico",30909,22856,0.7394609984147013
0500000US06057,"Nevada County, California",41447,34330,0.8282867276280551
0500000US12019,"Clay County, Florida",75958,67508,0.8887543115932489
0500000US12055,"Highlands County, Florida",40573,29817,0.7348975919946763
0500000US12131,"Walton County, Florida",28770,25060,0.8710462287104623
0500000US15009,"Maui County, Hawaii",52794,45748,0.8665378641512294
0500000US23005,"Cumberland County, Maine",123485,102760,0.8321658501032514
0500000US33015,"Rockingham County, New Hampshire",119467,103124,0.863200716515858
0500000US35031,"McKinley County, New Mexico",21449,12149,0.566413352603851
0500000US36011,"Cayuga County, New York",30083,23024,0.7653492005451584
0500000US36047,"Kings County, New York",969317,809353,0.8349724599898691
0500000US37089,"Henderson County, North Carolina",49514,39903,0.805893282707921
0500000US39057,"Greene County, Ohio",66053,56925,0.8618079421070958
0500000US39139,"Richland County, Ohio",48105,34804,0.7235006756054464
0500000US41033,"Josephine County, Oregon",37059,28642,0.7728756847189616
0500000US42007,"Beaver County, Pennsylvania",73059,57535,0.7875142008513667
0500000US42037,"Columbia County, Pennsylvania",26655,19519,0.7322828737572689
0500000US45031,"Darlington County, South Carolina",25308,17441,0.6891496759917812
0500000US45079,"Richland County, South Carolina",152227,135923,0.8928967922904609
0500000US48157,"Fort Bend County, Texas",245410,230281,0.9383521453893484
0500000US48181,"Grayson County, Texas",48963,42934,0.8768662050936421
0500000US48451,"Tom Green County, Texas",43301,37145,0.8578323826239579
0500000US51019,"Bedford County, Virginia",31271,25563,0.8174666624028653
0500000US53021,"Franklin County, Washington",27067,24918,0.9206044260538664
0500000US53025,"Grant County, Washington",30806,25580,0.8303577225215867
0500000US55109,"St. Croix County, Wisconsin",34422,28975,0.8417581779094765
0500000US05045,"Faulkner County, Arkansas",43701,36389,0.8326811743438365
0500000US06019,"Fresno County, California",309519,262049,0.8466330015281776
0500000US08013,"Boulder County, Colorado",128295,115226,0.8981332086207569
0500000US08041,"El Paso County, Colorado",260851,232495,0.8912942637751053
0500000US12015,"Charlotte County, Florida",74975,59679,0.7959853284428142
0500000US12057,"Hillsborough County, Florida",540142,485628,0.8990746877672908
0500000US18043,"Floyd County, Indiana",30300,26356,0.8698349834983499
0500000US21093,"Hardin County, Kentucky",41625,34233,0.8224144144144144
0500000US22071,"Orleans Parish, Louisiana",155104,125574,0.8096116154322262
0500000US23003,"Aroostook County, Maine",29931,18384,0.6142126891851258
0500000US24005,"Baltimore County, Maryland",313259,266682,0.8513147267915686
0500000US24043,"Washington County, Maryland",56306,44198,0.784960750186481
0500000US26125,"Oakland County, Michigan",503645,438126,0.8699103535228186
0500000US34001,"Atlantic County, New Jersey",96981,83003,0.8558686753075344
0500000US34023,"Middlesex County, New Jersey",285480,249020,0.8722852739246182
0500000US34037,"Sussex County, New Jersey",53749,47539,0.8844629667528698
0500000US35005,"Chaves County, New Mexico",22616,17007,0.751989741775734
0500000US35013,"Do√±a Ana County, New Mexico",80409,65984,0.8206046586824858
0500000US36085,"Richmond County, New York",167441,137954,0.823896178355361
0500000US42071,"Lancaster County, Pennsylvania",202490,157781,0.7792039113042619
0500000US42107,"Schuylkill County, Pennsylvania",58458,41213,0.7050018816928393
0500000US42129,"Westmoreland County, Pennsylvania",150368,115445,0.7677497871887635
0500000US45083,"Spartanburg County, South Carolina",116018,94606,0.81544243134686
0500000US48339,"Montgomery County, Texas",202797,187012,0.922163542853198
0500000US51087,"Henrico County, Virginia",129408,111339,0.8603718471810089
0500000US51760,"Richmond city, Virginia",91359,76470,0.8370275506518241
0500000US55035,"Eau Claire County, Wisconsin",40421,33222,0.8218995076816507
0500000US55063,"La Crosse County, Wisconsin",47924,38912,0.8119522577414239
0500000US01003,"Baldwin County, Alabama",83501,70185,0.840528855941845
0500000US05125,"Saline County, Arkansas",43496,38894,0.8941971675556373
0500000US12009,"Brevard County, Florida",226363,189435,0.8368637984122846
0500000US17091,"Kankakee County, Illinois",40642,32295,0.7946213276905664
0500000US18005,"Bartholomew County, Indiana",31891,25602,0.8027970273744943
0500000US18057,"Hamilton County, Indiana",122876,115914,0.9433412545981315
0500000US19153,"Polk County, Iowa",189546,164270,0.8666497842212445
0500000US20209,"Wyandotte County, Kansas",60708,50541,0.8325261909468274
0500000US22045,"Iberia Parish, Louisiana",25386,20003,0.7879539903884031
0500000US22103,"St. Tammany Parish, Louisiana",93589,80923,0.8646635822585987
0500000US24001,"Allegany County, Maryland",27190,20146,0.7409341669731518
0500000US25005,"Bristol County, Massachusetts",215132,172821,0.8033254002194001
0500000US26021,"Berrien County, Michigan",64783,52159,0.8051340629486131
0500000US26093,"Livingston County, Michigan",72676,64317,0.884982662777258
0500000US26103,"Marquette County, Michigan",26328,19589,0.7440367669401398
0500000US29019,"Boone County, Missouri",72217,64795,0.8972264148330725
0500000US34031,"Passaic County, New Jersey",169521,148441,0.8756496245302942
0500000US35043,"Sandoval County, New Mexico",53996,43618,0.8078005778205793
0500000US36093,"Schenectady County, New York",55262,44053,0.7971662263399805
0500000US37031,"Carteret County, North Carolina",28720,24268,0.8449860724233983
0500000US37155,"Robeson County, North Carolina",46026,35361,0.768283144309738
0500000US39133,"Portage County, Ohio",60801,49989,0.8221739774016875
0500000US41047,"Marion County, Oregon",119511,103030,0.8620963760658015
0500000US42027,"Centre County, Pennsylvania",58514,48064,0.8214102607922891
0500000US42125,"Washington County, Pennsylvania",85835,67903,0.7910875516980252
0500000US45059,"Laurens County, South Carolina",25423,19426,0.7641112378554852
0500000US47001,"Anderson County, Tennessee",29505,24123,0.8175902389425521
0500000US51085,"Hanover County, Virginia",39929,34512,0.8643341931929174
0500000US53035,"Kitsap County, Washington",105411,92720,0.8796045953458368
0500000US55055,"Jefferson County, Wisconsin",33180,27523,0.8295057263411694
0500000US55087,"Outagamie County, Wisconsin",74603,61994,0.8309853491146468
0500000US01049,"DeKalb County, Alabama",26462,20442,0.7725039679540473
0500000US06007,"Butte County, California",88636,73977,0.8346157317568482
0500000US06017,"El Dorado County, California",72774,62886,0.8641272982108995
0500000US06025,"Imperial County, California",41764,35797,0.8571257542380998
0500000US06029,"Kern County, California",273167,236365,0.8652765524386181
0500000US06041,"Marin County, California",104954,94535,0.9007279379537703
