id,Geographic Area Name,5 to 14 years,15 to 17 years,Under 18 years,18 to 24 years,15 to 44 years,16 years and over,18 years and over,21 years and over,60 years and over,62 years and over,65 years and over,75 years and over
0500000US01117,"Shelby County, Alabama",14383,4671,25382,8406,41853,82479,79640,75887,21899,18261,14806,5271
0500000US01121,"Talladega County, Alabama",4665,1418,8292,3236,14605,31189,30197,28842,8991,8219,6558,2343
0500000US01125,"Tuscaloosa County, Alabama",11739,3975,21652,16487,47808,80653,77924,68844,18110,15648,11969,4098
0500000US04021,"Pinal County, Arizona",30310,8589,52140,21321,94171,187209,181152,170711,56331,50694,43946,18040
0500000US06045,"Mendocino County, California",5290,1457,9033,3363,15460,35261,33984,32408,12178,10907,8725,2825
0500000US06059,"Orange County, California",198857,63093,357863,148522,652305,1257540,1215326,1149117,300043,258277,208991,85637
0500000US06067,"Sacramento County, California",104885,30680,185405,67423,321026,587449,567437,540893,138464,119253,93987,35931
0500000US12017,"Citrus County, Florida",6193,2019,10741,4538,18437,62751,61363,58951,32959,30451,26184,11726
0500000US17143,"Peoria County, Illinois",11906,3501,21480,8400,34723,68927,66338,62267,19618,17379,13125,5142
0500000US18059,"Hancock County, Indiana",5033,1515,8866,2783,13721,29414,28535,27477,8040,6938,6304,2066
0500000US18067,"Howard County, Indiana",5518,1512,9553,3058,14180,31047,30122,29096,9393,8136,6965,2907
0500000US22105,"Tangipahoa Parish, Louisiana",9631,2572,16920,6876,26028,49920,48231,45018,11903,10072,8405,2913
0500000US25003,"Berkshire County, Massachusetts",6202,2463,11413,5748,21509,51950,50086,47309,17889,16756,12765,5093
0500000US27139,"Scott County, Minnesota",11853,3053,20118,6095,28211,54409,52434,49346,10252,9039,7451,2805
0500000US36087,"Rockland County, New York",25641,8429,47212,15600,61105,118802,113018,105776,31462,28264,21973,9085
0500000US36105,"Sullivan County, New York",4689,1663,8306,3453,13801,31933,30552,28569,9530,8666,7082,2534
0500000US37037,"Chatham County, North Carolina",4932,1225,7639,2392,10385,N,27582,26332,10858,9998,8175,3053
0500000US37085,"Harnett County, North Carolina",9932,2787,18208,6239,28365,50670,48630,45969,10832,9499,7294,2962
0500000US37195,"Wilson County, North Carolina",5430,1028,8422,3778,13741,29573,28845,26353,9148,7389,6264,2114
0500000US39007,"Ashtabula County, Ohio",6485,1711,11309,3879,17303,39233,38003,36024,11863,10096,8304,3298
0500000US39013,"Belmont County, Ohio",3948,1210,6702,2446,12635,28547,27817,26719,9204,7628,6440,2299
0500000US40031,"Comanche County, Oklahoma",8080,2111,14241,9329,29461,49620,48317,43236,9890,8301,6863,2635
0500000US42013,"Blair County, Pennsylvania",7005,2198,12349,5126,21765,48628,46879,44553,14922,13236,11026,4343
0500000US42039,"Crawford County, Pennsylvania",4947,1739,9009,3961,14687,33640,32594,31013,11317,9842,8177,3237
0500000US42051,"Fayette County, Pennsylvania",7027,2128,12468,4706,23276,53503,51904,50132,17404,15566,12080,4708
0500000US47113,"Madison County, Tennessee",6357,2182,11490,4560,18181,36591,35019,32716,10574,9219,7249,2602
0500000US48027,"Bell County, Texas",27698,7606,50653,22009,81817,131852,126428,117915,24038,21145,16958,6601
0500000US48061,"Cameron County, Texas",36865,11345,65717,23240,85633,148454,140336,128637,32776,29966,25318,10533
0500000US49057,"Weber County, Utah",20774,6123,36502,12509,56973,95536,91796,86428,19111,16631,13725,5010
0500000US51165,"Rockingham County, Virginia",5354,1410,8959,3458,14010,31701,30613,29099,9774,8359,6952,2859
0500000US51700,"Newport News city, Virginia",11520,3873,21898,11435,39857,67866,65243,59047,15972,12814,9855,3571
0500000US51710,"Norfolk city, Virginia",12899,3139,24163,26856,70483,105145,102935,93361,17829,14985,11486,4129
0500000US51810,"Virginia Beach city, Virginia",28268,8344,50955,22574,98701,176167,170322,162303,39206,34624,27362,10730
0500000US53007,"Chelan County, Washington",5511,1105,9050,3369,13858,N,29536,28141,9282,8366,6817,2753
0500000US01015,"Calhoun County, Alabama",6669,1935,12399,5613,21660,44256,42655,39902,12107,10741,8619,3101
0500000US08005,"Arapahoe County, Colorado",44591,13219,78200,28037,140449,254268,244968,232821,56197,48423,37539,12552
0500000US13013,"Barrow County, Georgia",6534,2093,11313,3440,16329,30141,28604,27215,6251,5527,4294,1431
0500000US13157,"Jackson County, Georgia",5183,1705,9132,2483,13261,26773,25630,24376,6708,5798,4782,1847
0500000US13245,"Richmond County, Georgia",13337,3690,21787,12996,44781,77057,74317,69441,17880,15040,11699,4115
0500000US13285,"Troup County, Georgia",4628,1822,8440,4077,14250,N,24522,23339,6154,5581,4105,1397
0500000US19061,"Dubuque County, Iowa",5355,1891,10392,5064,19274,38883,37484,35106,10798,9672,7617,3032
0500000US21227,"Warren County, Kentucky",9129,2279,15410,10179,29449,51022,49276,44108,10291,9243,7905,2763
0500000US27019,"Carver County, Minnesota",7817,2888,13837,4261,19661,38618,36799,35140,8199,7030,5591,2108
0500000US28075,"Lauderdale County, Mississippi",5283,947,8545,3770,13776,28026,27556,25357,7847,6894,5532,2150
0500000US28081,"Lee County, Mississippi",5966,1672,10414,4864,16930,31698,30639,28156,7614,6476,4802,1700
0500000US28121,"Rankin County, Mississippi",10401,3443,18570,6316,30686,58606,56046,53085,13816,12545,10165,3572
0500000US36111,"Ulster County, New York",9371,2657,15602,8705,34365,74374,72940,69701,22680,19132,15852,6184
0500000US37183,"Wake County, North Carolina",75406,22768,132966,49678,230557,413468,398642,376103,81397,68842,54782,19016
0500000US39093,"Lorain County, Ohio",19624,6465,35350,14315,56798,121629,117187,110395,35411,31271,25013,9758
0500000US40119,"Payne County, Oklahoma",4517,1694,8266,11108,23487,34512,33764,28629,6718,5411,4839,1852
0500000US40131,"Rogers County, Oklahoma",6222,1982,11016,3988,17442,35908,34779,33067,9534,8784,6876,2737
0500000US42081,"Lycoming County, Pennsylvania",6529,1715,11172,5622,20710,44682,43497,39547,13876,12113,9697,3850
0500000US45015,"Berkeley County, South Carolina",15479,4396,27780,11832,46973,85548,83008,76933,20303,18043,14035,4896
0500000US45085,"Sumter County, South Carolina",7010,2005,13127,5690,20999,39850,38403,36298,10705,9564,7300,2875
0500000US47147,"Robertson County, Tennessee",4847,1368,8460,3145,13232,27320,26498,25189,6956,5952,4701,1679
0500000US48085,"Collin County, Texas",76728,24288,132804,42174,206820,377006,361905,342176,72207,61013,48384,16919
0500000US49045,"Tooele County, Utah",6864,2191,11950,3288,15561,N,23766,22248,5154,4269,3163,1359
0500000US53041,"Lewis County, Washington",4663,1510,8960,3118,14103,31892,31009,29536,10885,9949,7982,3022
0500000US53053,"Pierce County, Washington",60268,16549,107420,41998,189583,346977,336358,319888,82272,71066,55313,19569
0500000US54061,"Monongalia County, West Virginia",5337,1384,9458,11984,29957,46693,45665,40494,9169,8012,6146,2316
0500000US55009,"Brown County, Wisconsin",17928,5259,32043,12260,52193,103016,98959,92592,26408,22613,17727,6885
0500000US06115,"Yuba County, California",6204,1901,11356,3927,16911,29719,28463,27370,6912,5841,4222,1459
0500000US13051,"Chatham County, Georgia",17384,4770,31248,15664,60887,110605,107752,101843,25846,23175,18808,7017
0500000US13063,"Clayton County, Georgia",23453,6182,40366,14740,58205,99707,94751,88568,17568,14922,11264,3154
0500000US13113,"Fayette County, Georgia",8110,3181,13833,5135,19017,43653,41547,38424,12679,11264,9045,3234
0500000US13223,"Paulding County, Georgia",12491,3755,21897,6648,32862,61151,58096,54411,10770,9478,7647,3031
0500000US17043,"DuPage County, Illinois",60319,19776,108381,40774,180659,361690,348335,330930,94918,81208,63642,22925
0500000US17089,"Kane County, Illinois",39263,13077,69860,25008,106835,206020,196464,184737,47771,40492,32988,11953
0500000US18089,"Lake County, Indiana",32557,10301,57884,21703,90699,183761,176800,167918,50384,44305,34435,13207
0500000US21059,"Daviess County, Kentucky",7148,2142,12803,4278,18930,37829,36672,34630,10601,9082,7329,2803
0500000US21185,"Oldham County, Kentucky",5083,1604,8242,3081,14299,27534,26507,24917,6097,4894,4076,1348
0500000US25009,"Essex County, Massachusetts",47712,15761,86092,37313,147456,306342,295777,278843,82713,72944,58042,21902
0500000US26163,"Wayne County, Michigan",116261,36701,211644,76109,332921,656731,633297,600105,170135,146623,114333,43301
0500000US29165,"Platte County, Missouri",7685,2207,12858,4079,20165,39320,37919,36382,10262,8677,6848,2336
0500000US36053,"Madison County, New York",3865,1219,6680,4796,13212,28769,28139,24858,9167,7863,6028,2239
0500000US37159,"Rowan County, North Carolina",10984,3606,18255,5713,26555,55185,53042,50268,14620,13377,11068,4114
0500000US39029,"Columbiana County, Ohio",5781,1900,10222,4453,18526,42909,41367,39652,13403,11656,9721,3502
0500000US41059,"Umatilla County, Oregon",5849,1635,9447,3951,16528,31443,30341,28764,8076,6617,5632,2103
0500000US42045,"Delaware County, Pennsylvania",35030,11289,63560,27882,108718,215568,208527,194808,56885,49372,39202,15574
0500000US42073,"Lawrence County, Pennsylvania",4564,1924,8554,3402,14972,34669,33365,32241,11812,10023,8227,3408
0500000US47157,"Shelby County, Tennessee",66211,19266,118335,43087,184965,339535,326943,307821,82531,70795,52975,18217
0500000US04003,"Cochise County, Arizona",7727,2065,14015,6199,24314,52062,50980,47126,18794,16473,13628,5627
0500000US04005,"Coconino County, Arizona",8789,2674,15138,13254,34097,57225,55383,49053,12494,10939,8589,2945
0500000US06023,"Humboldt County, California",7853,2170,14056,8388,29643,55926,54666,51145,16721,14584,11153,3815
0500000US06039,"Madera County, California",12217,3401,21454,7307,30915,57485,55119,51413,14381,12596,10906,4104
0500000US12097,"Osceola County, Florida",26113,7920,43737,18472,79563,140865,135418,128598,30650,27149,21498,7742
0500000US13059,"Clarke County, Georgia",6139,1866,11358,17264,35319,51130,49764,41866,9181,8388,6792,2143
0500000US13313,"Whitfield County, Georgia",7538,3269,14238,4975,21542,39371,37383,35046,8657,8091,6846,2326
0500000US16019,"Bonneville County, Idaho",11132,2814,18680,4705,23316,41673,40158,38402,9766,8499,6886,2614
0500000US22109,"Terrebonne Parish, Louisiana",8470,2347,14245,5165,21311,40470,39069,37035,10398,9050,7113,2464
0500000US24015,"Cecil County, Maryland",6445,2267,11733,4759,19087,40701,39062,37305,11344,9872,7619,2675
0500000US24037,"St. Mary's County, Maryland",7862,2901,13546,5648,22354,44124,41977,39610,10504,8620,6818,2868
0500000US25001,"Barnstable County, Massachusetts",10044,3371,16611,7805,30321,87194,84572,81314,36902,34069,28524,11700
0500000US25021,"Norfolk County, Massachusetts",41831,13889,74926,30054,132014,272537,263909,252940,72778,63235,50510,20752
0500000US27163,"Washington County, Minnesota",18655,6138,32419,10336,49878,100147,95883,91155,25056,21767,17566,6635
0500000US34033,"Salem County, New Jersey",4577,1234,7444,2409,11291,24403,23375,22512,7820,6450,5380,2064
0500000US34035,"Somerset County, New Jersey",21306,7160,37261,14829,60879,128764,124675,117964,34182,29661,22209,9214
0500000US36081,"Queens County, New York",126119,36515,234957,86444,461310,895281,870620,834484,216004,185857,151243,60388
0500000US36119,"Westchester County, New York",61358,20296,109402,42202,179145,374378,359435,340701,98942,86113,70421,29628
0500000US37109,"Lincoln County, North Carolina",5035,1852,9077,2789,14135,33476,32286,30798,9102,7559,6379,2335
0500000US42003,"Allegheny County, Pennsylvania",63966,19529,116071,53375,240002,485645,472588,450315,140250,122379,96901,38698
0500000US45035,"Dorchester County, South Carolina",11924,3706,20360,7279,32275,60465,57991,54169,13891,12016,9944,3386
0500000US48231,"Hunt County, Texas",6716,2148,12056,4787,19175,37222,35828,33548,10462,9231,6715,2621
0500000US51650,"Hampton city, Virginia",7292,2249,13835,8397,28633,52146,50609,47277,12026,9962,8612,3213
0500000US01077,"Lauderdale County, Alabama",5672,2213,10400,4556,17547,36584,35246,32935,10908,10288,8073,3286
0500000US09011,"New London County, Connecticut",15224,4781,26266,14105,53090,110630,107319,101812,32650,28016,22128,8770
0500000US17167,"Sangamon County, Illinois",12902,4344,22756,8232,35949,75378,72065,68643,21485,19347,14867,5593
0500000US21111,"Jefferson County, Kentucky",48240,14269,87228,33136,151556,294789,285119,270687,76045,65904,52782,19540
0500000US21151,"Madison County, Kentucky",5471,1556,9337,7820,21014,36627,35884,32513,8220,6763,5656,2033
0500000US22015,"Bossier Parish, Louisiana",9672,2015,15688,6611,27162,47893,46447,44000,11140,9622,7762,2829
0500000US24009,"Calvert County, Maryland",6751,2319,11624,3477,16963,35949,34597,33231,9219,8054,6230,2222
0500000US26025,"Calhoun County, Michigan",8846,2721,16253,5495,24138,51891,49873,47130,15694,13340,10873,4303
0500000US34025,"Monmouth County, New Jersey",38215,13203,67419,25761,108591,243997,235224,223698,71017,60481,47681,18244
0500000US37119,"Mecklenburg County, North Carolina",72183,21202,130801,48292,238101,408966,395621,375920,78588,67183,51462,17632
0500000US39055,"Geauga County, Ohio",6072,2213,10816,4579,15600,37291,35908,33732,12636,10961,8956,3526
0500000US39119,"Muskingum County, Ohio",5459,1998,10009,3671,15840,33868,32134,30613,9924,8289,6622,2616
0500000US41043,"Linn County, Oregon",7829,2651,14429,5071,23596,49580,48232,45457,15233,14046,11509,4492
0500000US42017,"Bucks County, Pennsylvania",37090,12512,65392,25910,110365,251213,242732,231759,74747,65340,52310,20638
0500000US42095,"Northampton County, Pennsylvania",18324,5952,31524,16757,57562,122375,118451,109283,34357,30408,24988,10329
0500000US45075,"Orangeburg County, South Carolina",5724,1428,9419,4261,15651,32452,31544,29017,9851,8701,7167,2676
0500000US48029,"Bexar County, Texas",143627,42422,258385,106882,445461,751521,722215,675150,149525,131188,104296,38561
0500000US48091,"Comal County, Texas",9705,3290,17464,5901,27516,59244,56318,53219,18127,15008,12419,4648
0500000US48361,"Orange County, Texas",5489,2246,10958,4087,16585,32183,30562,29358,8965,7366,5953,2401
0500000US48497,"Wise County, Texas",4729,1693,8523,2991,12332,N,25602,23678,7606,6623,4925,1824
0500000US53009,"Clallam County, Washington",3817,1139,6890,2888,12307,32389,31500,30171,13031,11849,10281,4301
0500000US72021,"Bayam√≥n Municipio, Puerto Rico",8719,3024,15203,8580,32964,67346,65008,61345,19353,17808,15325,7488
0500000US72137,"Toa Baja Municipio, Puerto Rico",4098,1414,7056,3597,14323,28882,27800,26082,8212,7273,6262,2743
0500000US04025,"Yavapai County, Arizona",10948,2981,19260,8416,31235,95899,93751,89327,44962,41391,34951,14069
0500000US13097,"Douglas County, Georgia",11095,3731,18861,7756,28890,52769,50525,45532,11736,9879,7775,2685
0500000US13135,"Gwinnett County, Georgia",72087,22944,126103,43000,190705,342793,326204,306974,64447,54687,40753,14024
0500000US15007,"Kauai County, Hawaii",4542,1671,8795,2381,12779,28832,27688,26182,9761,8296,6835,2325
0500000US16027,"Canyon County, Idaho",18011,5692,31815,11246,46084,82343,78984,73607,19865,18602,14426,5519
0500000US18019,"Clark County, Indiana",7660,2098,13461,4281,22842,44592,43378,40991,11848,10002,7717,2709
0500000US19013,"Black Hawk County, Iowa",8359,2564,14714,9416,28720,52324,50417,46231,13468,11861,9576,3808
0500000US21015,"Boone County, Kentucky",10200,3520,18311,5448,26184,49546,47629,45123,11291,10013,7821,2733
0500000US22051,"Jefferson Parish, Louisiana",26241,7548,48334,16631,81540,166955,161637,154459,45265,39915,32262,12194
0500000US23031,"York County, Maine",11503,3542,20189,7420,34781,82345,79974,77256,26684,22774,18644,6963
0500000US24027,"Howard County, Maryland",23138,7237,40185,13380,61526,121855,117406,112028,29028,25626,19882,6809
0500000US24031,"Montgomery County, Maryland",70254,20943,124627,42017,199551,398289,384753,366718,102506,89200,70804,28260
0500000US27053,"Hennepin County, Minnesota",76955,21885,140502,53577,272017,497258,482818,459915,113667,98630,77830,29426
0500000US28067,"Jones County, Mississippi",4555,1341,8021,2887,12842,N,24841,23049,7827,6288,5395,1818
0500000US29510,"St. Louis city, Missouri",15544,3954,29155,13455,67029,120628,117767,113770,28763,24032,17629,6051
0500000US34013,"Essex County, New Jersey",53888,15618,96383,35434,159314,298563,288582,273081,66930,59649,44356,17021
0500000US34021,"Mercer County, New Jersey",22414,6806,39943,20790,74807,145355,140654,133966,35254,29479,23863,8960
0500000US36113,"Warren County, New York",3210,1273,5961,2346,11122,26946,25946,24896,9896,8354,6624,2455
0500000US36117,"Wayne County, New York",5831,1545,9879,3400,15449,35859,34911,33389,11198,9885,7978,3088
0500000US37129,"New Hanover County, North Carolina",13323,3864,22490,15050,47749,92475,89531,83833,24835,22565,17983,6937
0500000US39081,"Jefferson County, Ohio",3741,1410,6829,2984,11438,26353,25525,24722,8897,8184,6384,2527
0500000US42085,"Mercer County, Pennsylvania",6617,1941,11257,5422,20029,44867,43832,41199,14501,12892,10534,4214
0500000US42111,"Somerset County, Pennsylvania",3695,1272,6724,2670,13985,32772,31709,30512,10543,9250,7526,2982
0500000US51800,"Suffolk city, Virginia",6324,2450,11792,3590,17493,34757,32653,31392,9027,7712,5816,2175
0500000US53033,"King County, Washington",128667,35574,230598,92357,514220,913036,890547,854217,191334,166186,130945,48234
0500000US54033,"Harrison County, West Virginia",4063,1627,7444,2409,11769,26795,25569,24650,8800,7870,5808,2256
0500000US06111,"Ventura County, California",55985,17055,98815,40904,170267,334730,322092,304122,83799,72701,59007,23341
0500000US09005,"Litchfield County, Connecticut",9781,3396,17077,6853,29524,74507,72577,69524,25908,22568,17677,6579
0500000US09007,"Middlesex County, Connecticut",8355,2784,14229,7716,28871,65873,64167,60164,20896,17698,14381,5679
0500000US12023,"Columbia County, Florida",4899,777,7153,3676,14184,28807,28402,26187,8132,7269,5903,2511
0500000US13047,"Catoosa County, Georgia",4432,1564,8524,2475,12374,N,24917,23911,7694,6526,5139,1975
0500000US13247,"Rockdale County, Georgia",6934,1975,11717,4118,16008,32448,31045,28714,8405,7185,5496,2090
0500000US13297,"Walton County, Georgia",6810,1945,11746,3712,16302,34884,33181,31437,8060,7312,6410,2518
0500000US16005,"Bannock County, Idaho",5808,2371,11133,4828,19103,34468,32386,29995,8522,7184,5908,2203
0500000US24003,"Anne Arundel County, Maryland",36584,10444,65036,27822,118134,226965,220508,209798,55296,48949,37591,14663
0500000US28033,"DeSoto County, Mississippi",13436,4845,24230,7879,35925,67151,63714,59236,15083,13244,10042,3686
0500000US29097,"Jasper County, Missouri",8956,2448,15742,5626,23904,45163,43318,41359,10657,9426,7969,3194
0500000US30029,"Flathead County, Montana",6874,1886,11674,3921,18064,40925,39382,37602,14140,12600,9649,3337
0500000US35001,"Bernalillo County, New Mexico",43465,13157,75621,31908,139341,266590,257629,244090,68628,60215,49066,18335
0500000US36005,"Bronx County, New York",99397,29009,180348,71622,296096,512251,493603,465527,104335,90723,71944,28615
0500000US37019,"Brunswick County, North Carolina",5871,2036,10592,4395,17761,56362,54728,52132,26759,24783,21125,6618
0500000US37021,"Buncombe County, North Carolina",12622,4298,23828,9710,48762,102568,99947,96248,31477,27692,22596,8615
0500000US37127,"Nash County, North Carolina",6208,1420,10984,3856,16734,36056,34905,32835,10709,9226,7512,2584
0500000US37193,"Wilkes County, North Carolina",3551,1677,6915,2536,11714,27145,26345,24231,9028,8351,6358,2529
0500000US39035,"Cuyahoga County, Ohio",72077,22531,131262,54611,232045,475968,461888,440527,137339,119696,95041,37986
0500000US39061,"Hamilton County, Ohio",52568,15208,94953,38383,162091,308756,299253,282841,77747,67819,53129,20394
0500000US39165,"Warren County, Ohio",17297,5269,29079,9455,46505,91285,88188,84436,20887,19096,14714,5415
0500000US40017,"Canadian County, Oklahoma",10602,2762,18848,5901,29612,53420,51944,49063,12193,10676,8084,2986
0500000US42029,"Chester County, Pennsylvania",34740,11177,60752,23486,97952,204680,196867,187563,56323,49597,38214,14873
0500000US42077,"Lehigh County, Pennsylvania",24179,7335,43030,16897,71387,142345,137270,129864,38008,33603,27203,10606
0500000US45063,"Lexington County, South Carolina",20113,5874,34504,10968,55343,112236,108313,102702,29652,25754,20585,7384
0500000US47119,"Maury County, Tennessee",6453,2174,11845,3509,17811,N,34311,32581,9617,8374,6824,2553
0500000US47189,"Wilson County, Tennessee",10482,3255,17933,5044,25924,53326,51267,49051,14217,12939,10301,3625
0500000US48203,"Harrison County, Texas",5251,1645,8337,3758,13066,24716,23896,22687,7196,6463,4759,1524
0500000US51041,"Chesterfield County, Virginia",23962,7826,43409,15099,65277,130876,125246,118652,33994,31144,23238,7531
0500000US55131,"Washington County, Wisconsin",8342,2715,14707,4754,23744,54154,52383,50339,16407,14118,11145,4358
0500000US09003,"Hartford County, Connecticut",53304,17680,95536,41884,174190,351613,338830,319970,92487,81087,65168,26282
0500000US12033,"Escambia County, Florida",18776,5198,34412,19925,66963,126449,122585,112439,33346,29061,23210,9011
0500000US18039,"Elkhart County, Indiana",16191,4412,28676,9573,40315,75410,72756,68612,18193,15654,12720,5167
0500000US18109,"Morgan County, Indiana",5073,1485,8603,2932,12088,27424,26368,25188,7767,6828,5340,1936
0500000US19049,"Dallas County, Iowa",7447,2180,12997,3493,18462,32508,31135,29760,6126,5371,4542,1714
0500000US23011,"Kennebec County, Maine",6457,2033,11463,5573,21579,49257,47794,45922,16126,14354,11153,4238
0500000US26049,"Genesee County, Michigan",26530,8251,46785,17656,73053,154626,149183,141312,44800,37941,31027,12029
0500000US26087,"Lapeer County, Michigan",5525,1956,9611,3586,15673,36357,35171,33641,11171,9589,7664,2659
0500000US26145,"Saginaw County, Michigan",11680,3770,21454,10055,35445,74291,71939,66479,22599,19616,16240,6587
0500000US30013,"Cascade County, Montana",5257,1331,9608,3614,16293,32633,32022,30490,10145,9325,7088,2884
0500000US32003,"Clark County, Nevada",149013,43730,264050,93824,460138,877789,848568,806400,214763,189307,152960,57996
0500000US36007,"Broome County, New York",10278,3141,18405,13217,38163,76594,74745,68534,22735,19258,15680,6626
0500000US36027,"Dutchess County, New York",15864,5557,28238,15856,57582,121722,117918,110985,34164,30140,23127,9161
0500000US37023,"Burke County, North Carolina",5302,1551,9111,3233,15879,36955,35904,35103,11463,10283,8028,3190
0500000US37035,"Catawba County, North Carolina",9938,2842,17056,6537,28488,61725,59555,56235,17914,15540,12222,4295
0500000US37125,"Moore County, North Carolina",5421,3251,11170,3887,17798,38996,36980,34693,14308,12675,10448,4808
0500000US39009,"Athens County, Ohio",2938,1218,5454,9758,18366,28773,27865,23295,5652,4928,3809,1281
0500000US39023,"Clark County, Ohio",8816,2747,15437,5724,23598,51669,49577,46716,16052,14307,11414,4560
0500000US39099,"Mahoning County, Ohio",12845,4831,24007,11301,42327,93106,89220,83962,30516,26730,20915,8239
0500000US45051,"Horry County, South Carolina",18049,5777,32312,12413,57509,138206,134370,127100,50639,46293,39336,12440
0500000US47093,"Knox County, Tennessee",28074,8098,49449,27987,95523,180902,175815,163090,45231,39078,31784,11934
0500000US51061,"Fauquier County, Virginia",4262,1846,8340,2658,13040,27118,26174,24450,7425,6746,5452,2081
0500000US72127,"San Juan Municipio, Puerto Rico",15654,5695,28016,14547,56429,121695,118671,112823,39664,35195,29572,14007
0500000US01069,"Houston County, Alabama",7038,2164,12580,4200,19002,39352,37820,36018,11362,9970,8075,3097
0500000US06083,"Santa Barbara County, California",28280,8125,50580,35533,101220,179030,172828,157117,43560,38392,30733,13017
0500000US10003,"New Castle County, Delaware",33875,10624,60877,25930,111490,218059,210239,196766,54609,46952,37820,14713
0500000US12113,"Santa Rosa County, Florida",11953,3818,20764,7421,37132,73582,71084,68369,19938,17381,13388,5211
0500000US13295,"Walker County, Georgia",4606,1387,8199,3515,12760,27953,26768,25115,8087,6820,5845,2340
0500000US20091,"Johnson County, Kansas",42040,12962,74870,23918,119894,228806,219214,209690,55486,48529,38219,13816
0500000US25017,"Middlesex County, Massachusetts",90360,28851,162943,80983,342183,647939,627394,593462,153590,133194,106491,42567
0500000US25025,"Suffolk County, Massachusetts",35612,10933,67700,52620,209146,330744,322762,299733,59203,50928,41061,15219
0500000US26055,"Grand Traverse County, Michigan",5838,1746,10166,3361,16563,37047,35975,34194,11678,10343,8362,2872
0500000US27137,"St. Louis County, Minnesota",10809,3375,19417,13157,39660,82569,80420,74242,25375,21876,17791,6576
0500000US31153,"Sarpy County, Nebraska",14487,4392,25645,8583,39471,70221,66697,63030,14897,12465,10015,3752
0500000US33011,"Hillsborough County, New Hampshire",24237,8034,42811,18708,81325,167521,162853,156102,43075,37117,29087,10536
0500000US34017,"Hudson County, New Jersey",36364,9392,69807,28198,166910,271852,266290,255093,51798,43423,33361,13061
0500000US37025,"Cabarrus County, North Carolina",16209,5241,28954,8333,41079,78236,74605,71141,16802,15160,12054,4690
0500000US38015,"Burleigh County, North Dakota",6339,1583,11428,5031,20467,38051,36777,34507,9322,7958,6761,2693
0500000US39085,"Lake County, Ohio",13852,4910,24014,8870,40836,92515,89112,85595,29310,25137,20226,7840
0500000US39153,"Summit County, Ohio",32344,10101,57449,23574,101294,212610,205906,196626,61891,54851,42969,16337
0500000US40037,"Creek County, Oklahoma",4946,1485,8791,2921,13167,27665,26582,24959,7859,7088,5555,2165
0500000US41039,"Lane County, Oregon",20241,6203,36126,24104,78756,155013,150764,140697,45141,40940,34166,12574
0500000US42001,"Adams County, Pennsylvania",6484,1904,11032,4738,17526,40748,39569,36868,13144,11728,9333,3778
0500000US42041,"Cumberland County, Pennsylvania",14474,4438,26300,12537,49143,101053,98161,92814,27931,24934,20213,8278
0500000US47065,"Hamilton County, Tennessee",21852,6433,38859,16032,69800,140361,136569,129433,39274,34746,27524,10288
0500000US47179,"Washington County, Tennessee",6732,2221,12392,7811,25678,51947,50597,47815,13922,12520,10521,4058
0500000US49005,"Cache County, Utah",10774,3233,19556,11317,31606,46185,44080,40235,8115,6933,5473,2193
0500000US53015,"Cowlitz County, Washington",6810,2329,12666,3983,19103,42289,40927,39008,13701,12369,9759,3661
0500000US54081,"Raleigh County, West Virginia",4682,1378,8191,3282,14354,30280,29239,27490,9992,8611,7038,2378
0500000US72013,"Arecibo Municipio, Puerto Rico",4297,1674,7665,3997,15285,32576,31530,30150,10259,9055,7679,3447
0500000US01103,"Morgan County, Alabama",8209,2752,14815,5768,22425,46536,44401,41989,12815,10890,8649,3412
0500000US06031,"Kings County, California",12150,3217,20914,9752,41230,64662,62677,58614,9771,8846,7012,2773
0500000US06089,"Shasta County, California",11381,3304,19980,7557,32017,70757,68699,65322,23764,20666,16941,6703
0500000US12073,"Leon County, Florida",14947,4680,27578,29353,70083,114286,110830,96087,24868,21150,17206,6133
0500000US12103,"Pinellas County, Florida",44684,13998,80425,31577,156967,397225,387342,375130,145587,129501,107554,47287
0500000US17093,"Kendall County, Illinois",10493,2367,17787,6025,26446,45377,44614,40547,9410,8146,6145,2311
0500000US26017,"Bay County, Michigan",5631,2069,10538,4212,18554,42443,40753,38653,13792,11526,9439,3669
0500000US26159,"Van Buren County, Michigan",5014,1756,9092,3031,13304,29971,28713,26911,8983,8306,6455,2322
0500000US32031,"Washoe County, Nevada",29230,8486,51832,21138,94852,188262,182822,173738,53133,46725,36401,13019
0500000US33013,"Merrimack County, New Hampshire",7908,2513,13807,6948,28386,61576,60205,57121,17982,15951,12584,4645
0500000US39045,"Fairfield County, Ohio",10668,3716,19133,7189,30356,61187,58818,55595,15414,13103,11061,4213
0500000US45041,"Florence County, South Carolina",9208,2760,16185,5454,23767,49127,47371,45333,14083,12831,9887,3482
0500000US48005,"Angelina County, Texas",6532,2054,11958,4260,15869,32313,31039,29055,9396,8420,6159,2356
0500000US53057,"Skagit County, Washington",7921,1952,14029,4625,23120,50485,49033,46892,17008,14450,12153,4636
0500000US53067,"Thurston County, Washington",17556,4830,31231,11373,56442,112288,108426,103391,30789,27358,22108,7392
0500000US54039,"Kanawha County, West Virginia",10108,3245,18421,6871,31666,70830,68612,66010,22661,20538,15855,5949
0500000US55025,"Dane County, Wisconsin",31542,8859,56083,35853,126556,218919,212892,198905,47932,41587,33542,12065
0500000US01097,"Mobile County, Alabama",27397,8505,49296,18388,78056,153642,147713,139470,40934,34700,28348,10447
0500000US06013,"Contra Costa County, California",75796,24265,133128,47923,222008,445830,429855,410079,114568,100311,79598,30974
0500000US12083,"Marion County, Florida",19104,5196,32524,14532,54108,142104,138829,132776,59627,55611,47785,22346
0500000US12091,"Okaloosa County, Florida",12941,3104,23239,11466,44465,83662,81075,76121,20969,18786,15613,5803
0500000US12117,"Seminole County, Florida",28046,8888,49907,19981,94053,182371,176048,168735,46361,39297,31386,12026
0500000US13073,"Columbia County, Georgia",11404,3398,19419,7775,31015,58339,55686,50578,13619,11777,9807,2971
0500000US13095,"Dougherty County, Georgia",6049,1637,11059,5943,17621,32090,30978,27708,8416,7119,5700,2067
0500000US13151,"Henry County, Georgia",17450,5531,30024,10768,43682,83764,79264,74594,16766,14579,11510,4022
0500000US13153,"Houston County, Georgia",11611,3799,20299,6609,32257,60012,57241,54623,10745,9233,7476,2598
0500000US17183,"Vermilion County, Illinois",4946,1406,9063,3275,13893,30384,29252,27681,9344,8274,6929,3088
0500000US17197,"Will County, Illinois",50098,17179,87793,33241,138375,267336,256192,240835,62288,50972,40372,14381
0500000US18141,"St. Joseph County, Indiana",18216,5605,32612,14118,53458,102926,99192,92204,27291,23508,18968,7059
0500000US19163,"Scott County, Iowa",11522,3447,21114,7068,32965,66500,63979,60360,17789,15223,12044,4480
0500000US23019,"Penobscot County, Maine",7742,2523,13763,8764,29912,62850,61337,57433,18765,15794,12598,4817
0500000US26111,"Midland County, Michigan",4995,1606,9104,3544,14959,32779,31533,30002,9602,8265,6698,2787
0500000US26115,"Monroe County, Michigan",9451,3117,16444,6102,27683,59999,57979,55321,17071,15075,12295,4517
0500000US27145,"Stearns County, Minnesota",10491,3003,18753,12039,34800,63388,61386,55208,15870,13865,11034,4573
0500000US35061,"Valencia County, New Mexico",5912,1747,9994,3221,15057,30575,29140,27389,8999,7495,6416,2402
0500000US36101,"Steuben County, New York",5984,1924,10604,3870,17539,39348,37819,36271,12422,10906,8679,3327
0500000US37097,"Iredell County, North Carolina",11907,3358,20452,7256,33016,69224,66932,63397,17667,15767,12474,4559
0500000US38017,"Cass County, North Dakota",12520,2568,21744,13032,45350,73330,71411,65519,14596,12550,9833,3753
0500000US38101,"Ward County, North Dakota",4718,1221,8526,5229,18035,28474,27497,25859,5556,4897,3948,1595
0500000US41051,"Multnomah County, Oregon",42914,12721,78846,31943,187983,332091,323816,312230,69823,60866,47994,15923
0500000US42021,"Cambria County, Pennsylvania",7257,2248,12802,5991,22336,53778,52263,49754,18453,15975,12964,5142
0500000US48485,"Wichita County, Texas",8398,1726,14277,10959,32141,54485,53096,47563,12257,10514,8212,3267
0500000US51015,"Augusta County, Virginia",4324,1247,7249,2813,13999,32088,31192,30411,10932,9423,7313,2935
0500000US51550,"Chesapeake city, Virginia",16760,4934,29036,10704,49400,91931,89348,84574,20700,17124,13891,5046
0500000US51770,"Roanoke city, Virginia",6006,1561,11792,3638,18811,36289,35687,34422,9252,8199,6596,2363
0500000US54011,"Cabell County, West Virginia",5406,1663,9385,5675,18880,36557,35533,33456,10094,8781,7385,2876
0500000US55141,"Wood County, Wisconsin",4367,1302,7802,2698,12677,29448,28540,27286,9261,8495,6828,2828
0500000US72061,"Guaynabo Municipio, Puerto Rico",3902,1895,7558,3854,16180,34036,32616,31392,10806,9126,7795,3482
0500000US01083,"Limestone County, Alabama",7424,1998,12403,3067,19086,38254,36795,34773,9234,7934,6814,2739
0500000US05051,"Garland County, Arkansas",5695,1587,9513,3969,16383,38811,37585,35362,14567,12599,10248,4475
0500000US08069,"Larimer County, Colorado",19309,6538,34824,24396,80564,143248,139260,128428,36110,31311,25162,8802
0500000US12035,"Flagler County, Florida",6150,1576,9349,3497,15426,44769,44174,42536,20553,19419,17111,7976
0500000US17201,"Winnebago County, Illinois",19100,5712,33973,11778,51815,108364,104936,100067,32785,27976,21922,8621
0500000US24025,"Harford County, Maryland",16153,5520,29010,11232,47309,98936,95159,90156,26772,23082,18058,6545
0500000US30031,"Gallatin County, Montana",7018,1900,11820,9599,28962,47357,45992,41710,10263,8512,6909,2423
0500000US37157,"Rockingham County, North Carolina",6607,1768,9986,3221,14872,35313,33971,32409,11607,10363,8171,3207
0500000US39155,"Trumbull County, Ohio",11301,3686,20828,7553,34271,77801,75771,72720,25991,22808,18822,7383
0500000US42019,"Butler County, Pennsylvania",11043,3447,19368,8127,33847,76252,73670,70092,24348,20717,15744,6184
0500000US42049,"Erie County, Pennsylvania",16610,5660,29078,14164,52967,108519,104586,97749,30496,27696,21997,8561
0500000US42079,"Luzerne County, Pennsylvania",17879,5771,31610,14338,60058,128839,125135,118123,39059,34117,27276,10667
0500000US45055,"Kershaw County, South Carolina",4820,1224,8735,3116,10893,24901,24071,22712,7813,6747,5207,1841
0500000US51107,"Loudoun County, Virginia",34102,9878,58570,15323,82449,150319,143081,136995,25168,20972,16700,6211
0500000US72135,"Toa Alta Municipio, Puerto Rico",4243,1522,7505,3683,14464,N,26916,25841,5954,5175,4653,1796
0500000US01073,"Jefferson County, Alabama",42728,12699,76381,28324,127550,244704,235778,222541,63722,55487,43526,15728
0500000US04013,"Maricopa County, Arizona",302946,91655,537712,209682,916440,1703953,1644262,1555401,419848,370193,301634,122620
0500000US05069,"Jefferson County, Arkansas",4031,1077,7209,3515,13604,27208,26231,24649,7723,6377,5071,1819
0500000US05145,"White County, Arkansas",5117,2309,9817,5360,16047,29603,28293,24839,7140,6245,5393,2122
0500000US06079,"San Luis Obispo County, California",14284,4330,25467,23516,62135,121474,118287,108676,36813,33364,26764,9777
0500000US08014,"Broomfield County, Colorado",4381,1652,8028,2232,15011,N,26682,26017,5690,5057,4156,1673
0500000US09009,"New Haven County, Connecticut",49646,16361,88522,42669,165143,335502,324421,303939,91426,79529,63580,25565
0500000US12061,"Indian River County, Florida",8202,1984,14327,4124,19464,63069,62214,60821,30121,27993,23656,11285
0500000US13021,"Bibb County, Georgia",11391,3712,20014,7361,29678,55647,52983,49731,14589,12834,9966,3540
0500000US13089,"DeKalb County, Georgia",49006,13107,88535,30474,155914,276767,268408,257342,57075,49336,38531,12725
0500000US13127,"Glynn County, Georgia",4784,1824,8522,3257,15327,30761,30256,29122,10144,9334,7505,2797
0500000US16001,"Ada County, Idaho",31928,11480,57949,20954,99893,183704,177947,169095,44237,39217,30758,10996
0500000US17111,"McHenry County, Illinois",21556,7342,37560,13208,57540,121263,116397,111193,30172,25670,20178,7182
0500000US17179,"Tazewell County, Illinois",8191,2604,15147,4938,24398,51699,49859,48032,15848,13745,11184,4643
0500000US18053,"Grant County, Indiana",3687,1068,6591,3704,11631,25414,24623,22845,7533,6774,5505,2311
0500000US18081,"Johnson County, Indiana",12175,3036,20017,7190,30248,58154,56104,53776,13613,11959,9936,3740
0500000US19103,"Johnson County, Iowa",9619,2318,16449,15925,39957,60623,59229,53225,11202,10216,7578,2713
0500000US26099,"Macomb County, Michigan",52141,17552,93978,36531,164539,343354,331745,317300,95004,81764,64738,25111
0500000US27131,"Rice County, Minnesota",4609,1667,7971,4871,14649,27563,26225,23338,6494,5785,4609,1823
0500000US29051,"Cole County, Missouri",4401,1800,8564,3355,16095,N,30006,28741,8022,6824,5583,1943
0500000US29071,"Franklin County, Missouri",6881,2326,12357,4111,19137,41758,39890,38041,11378,10442,8166,3269
0500000US33017,"Strafford County, New Hampshire",6666,2354,12064,9647,28057,52357,51010,45651,12946,10861,8484,3172
0500000US36067,"Onondaga County, New York",27759,8445,49715,23566,87403,179250,173021,161298,50184,43807,34336,13505
0500000US36069,"Ontario County, New York",6505,2354,11594,4940,19463,43211,42135,39928,13801,11849,9557,3625
0500000US37069,"Franklin County, North Carolina",4162,629,6659,2688,12193,N,25765,24196,7306,6524,5084,1606
0500000US37161,"Rutherford County, North Carolina",3361,1829,7024,2669,11529,26340,24959,23647,9572,8094,6497,2520
0500000US39169,"Wayne County, Ohio",8146,2527,14359,5445,21258,44825,43085,40074,13690,11847,9188,3699
0500000US41019,"Douglas County, Oregon",6220,1972,10747,3572,17351,45441,43586,42087,17437,16156,13248,5401
0500000US42055,"Franklin County, Pennsylvania",10015,3004,17835,5373,27219,60307,57900,55548,18567,16575,13409,5568
0500000US42133,"York County, Pennsylvania",28479,9156,51104,19322,83131,177096,170878,162928,50956,45147,35141,13750
0500000US44007,"Providence County, Rhode Island",36346,11443,66360,33693,134511,252131,243246,229211,61193,51679,41545,16168
0500000US45013,"Beaufort County, South Carolina",10069,2581,16894,11223,33740,75760,74203,68957,29674,28076,23959,10263
0500000US47125,"Montgomery County, Tennessee",15072,4623,28296,12537,49935,77595,74498,70754,12721,11193,8766,3706
0500000US47165,"Sumner County, Tennessee",14046,3820,23631,7357,33948,71494,68916,66188,18423,16401,12891,4608
0500000US48251,"Johnson County, Texas",12722,3809,22560,7753,33307,65667,62996,59784,14970,13033,10862,3968
0500000US48309,"McLennan County, Texas",17700,5541,32400,18407,55235,95448,91831,84117,22916,19981,16008,5897
0500000US48397,"Rockwall County, Texas",8843,2348,13847,2908,19517,36774,35075,33560,7789,7377,5648,1908
0500000US48409,"San Patricio County, Texas",5237,1739,9380,4039,13953,25863,24643,23147,6774,5677,4617,1682
0500000US49049,"Utah County, Utah",60092,16962,106817,53216,156096,218937,207627,190416,31823,28519,22241,8522
0500000US51179,"Stafford County, Virginia",11246,3331,19502,7806,32449,57813,55577,52558,10938,9287,7180,2255
0500000US51510,"Alexandria city, Virginia",7596,1846,15035,5077,37377,63035,62052,59342,12539,11239,8595,2709
0500000US53077,"Yakima County, Washington",21421,5983,37897,12564,49933,91577,87337,82387,22348,19699,15640,6213
0500000US72025,"Caguas Municipio, Puerto Rico",6854,2446,11626,5822,23056,47964,46135,43530,14047,12622,10450,4575
0500000US01089,"Madison County, Alabama",22642,7272,40875,17396,72973,143414,138089,130340,34238,29070,24156,9458
0500000US06087,"Santa Cruz County, California",15108,4861,26881,19487,57596,110329,107985,98455,29885,27283,21079,6348
0500000US12085,"Martin County, Florida",7571,2754,13406,5024,23783,67299,65701,62608,28852,26554,23485,11868
0500000US15003,"Honolulu County, Hawaii",59059,16166,106908,50726,209506,396742,386005,366608,105429,92938,76805,32164
0500000US16055,"Kootenai County, Idaho",10192,3046,18001,6384,29796,62880,61090,57763,19630,17846,14182,5616
0500000US17113,"McLean County, Illinois",10375,3497,19296,14096,39719,67289,64993,58835,14305,12965,10023,3682
0500000US17161,"Rock Island County, Illinois",9217,2458,15888,6808,26456,55053,53385,50233,15981,14301,11723,4974
0500000US18157,"Tippecanoe County, Indiana",10935,4249,21158,26224,53761,81003,77829,65533,14089,12638,9877,3834
0500000US18177,"Wayne County, Indiana",3758,1263,7452,2724,11651,24877,24000,23136,7557,6792,5243,2092
0500000US19193,"Woodbury County, Iowa",7769,2278,13900,4734,20569,38480,37234,34441,9624,8349,6624,2454
0500000US21145,"McCracken County, Kentucky",4061,1312,7062,2249,11382,24558,23754,22611,7224,6445,5282,2307
0500000US22073,"Ouachita Parish, Louisiana",11350,3408,20188,7307,30618,56699,54368,50959,14956,12470,9608,3580
0500000US23001,"Androscoggin County, Maine",6799,1746,11681,4790,19645,42803,41408,39104,11652,10106,8532,3197
0500000US27037,"Dakota County, Minnesota",29741,9026,53012,17621,83537,161871,155768,147544,37830,31826,25758,9706
0500000US27123,"Ramsey County, Minnesota",35984,10268,65779,26525,116772,209202,202957,191749,48948,41673,34081,13012
0500000US36015,"Chemung County, New York",5658,1433,9210,3122,14689,32634,31537,30581,9342,8534,7007,2963
0500000US42097,"Northumberland County, Pennsylvania",5066,1689,8936,3379,17149,38140,37168,35975,12065,10412,8741,3406
0500000US46103,"Pennington County, South Dakota",7268,2297,13522,4970,21552,44277,42889,40764,13577,12303,9749,3468
0500000US48037,"Bowie County, Texas",6481,1935,11255,3954,20389,36956,35968,34396,9872,8774,6669,2466
0500000US48141,"El Paso County, Texas",63911,19812,116242,50571,188547,311859,298677,277494,63056,54579,43863,17308
0500000US49053,"Washington County, Utah",13313,4179,23505,7623,32061,63868,61340,58162,22049,20311,17670,7906
0500000US51003,"Albemarle County, Virginia",5821,1735,10879,6046,21380,42044,40832,36511,12515,10801,9060,4029
0500000US51680,"Lynchburg city, Virginia",4135,702,7535,9500,18993,31187,30588,26986,6895,6160,4645,2110
0500000US53063,"Spokane County, Washington",32552,9456,57465,24343,106467,202474,196185,185274,52003,46258,37600,13941
0500000US55097,"Portage County, Wisconsin",4177,1255,7256,5698,15213,29194,28372,25683,7581,6706,5434,2055
0500000US01043,"Cullman County, Alabama",5138,1719,9304,3065,15000,32418,31490,29731,10125,8353,7048,2656
0500000US06037,"Los Angeles County, California",622507,188997,1120903,483514,2202497,3987470,3861626,3658653,873538,755290,596423,237939
0500000US06061,"Placer County, California",26303,8842,45539,16194,71225,154314,147757,141171,46395,41796,34453,14273
0500000US09013,"Tolland County, Connecticut",7298,2564,13070,12801,33485,64066,62053,54304,16533,14669,11473,4550
0500000US10005,"Sussex County, Delaware",12116,3735,21277,7943,33650,92674,89726,87935,39415,35945,29959,11116
0500000US13031,"Bulloch County, Georgia",4464,915,7620,10462,20305,31182,30612,24731,6232,5439,3748,1480
0500000US13115,"Floyd County, Georgia",6469,2128,10992,4086,18520,36598,35063,33103,10086,8874,6700,2717
0500000US13217,"Newton County, Georgia",8865,2502,15157,6996,20821,38770,37137,32604,9030,7643,6012,2134
0500000US17031,"Cook County, Illinois",318201,95012,575213,226639,1093475,2004770,1941253,1851437,467015,405865,319939,124397
0500000US21047,"Christian County, Kentucky",4630,1034,8970,8149,19289,28689,28030,25401,5597,4934,3801,1420
0500000US25011,"Franklin County, Massachusetts",3576,1332,6371,2515,12068,28964,28030,27316,10402,9177,7075,2473
0500000US25013,"Hampden County, Massachusetts",29588,9437,52059,24817,91313,181761,175391,164435,48015,41856,33792,13188
0500000US26155,"Shiawassee County, Michigan",4112,1546,7523,2757,12093,27227,26081,25119,8605,7296,5704,2074
0500000US29047,"Clay County, Missouri",17217,4998,30363,9657,49412,93631,89806,86002,22592,20015,15127,5676
0500000US30063,"Missoula County, Montana",6297,1699,11481,8099,27129,48537,47604,44375,12021,10365,8720,3101
0500000US30111,"Yellowstone County, Montana",11329,2829,18981,6937,29909,61804,59921,56731,17065,14366,12165,4814
0500000US36045,"Jefferson County, New York",7544,1751,13667,8827,27856,46047,45062,42221,9850,8556,6947,2523
0500000US39063,"Hancock County, Ohio",4539,1557,8198,3256,14707,30054,29110,28161,7524,6655,5585,2177
0500000US39151,"Stark County, Ohio",23353,6988,40625,16481,65459,143736,139532,132410,43178,38109,31256,12371
0500000US42005,"Armstrong County, Pennsylvania",3801,995,6432,2597,10744,27124,26439,25187,9240,7968,6468,2559
0500000US48139,"Ellis County, Texas",14454,3996,24611,8790,35040,66242,63908,60330,14599,12705,9999,3663
0500000US48201,"Harris County, Texas",353852,103411,637891,221717,1045561,1760611,1696656,1603465,337256,287556,218930,75444
0500000US48291,"Liberty County, Texas",7712,1931,12521,4233,17879,32095,30693,28647,7232,6053,4616,1589
0500000US48479,"Webb County, Texas",24884,7820,46092,16255,60492,95232,89614,81808,15676,14142,11133,4674
0500000US51095,"James City County, Virginia",3918,1417,6604,2650,11331,29661,28715,26988,11216,10284,8822,3990
0500000US51161,"Roanoke County, Virginia",6317,1658,9998,3775,16675,36143,35244,33625,11060,9682,8336,3415
0500000US55059,"Kenosha County, Wisconsin",11099,4136,20383,8431,33846,67160,63824,60058,15555,13068,10772,3952
0500000US06033,"Lake County, California",3319,1311,6500,2222,11237,N,24818,24219,10115,8765,7129,2444
0500000US06075,"San Francisco County, California",32160,8578,60771,30067,220882,396674,390214,380029,89102,76942,62510,25709
0500000US08123,"Weld County, Colorado",24184,6599,42700,14315,67236,119725,115425,108728,26720,23010,17671,6190
0500000US12005,"Bay County, Florida",11087,3229,20130,8379,36274,74171,71722,67103,20009,17437,13935,5392
0500000US13015,"Bartow County, Georgia",6809,2632,13028,5453,21767,40758,39121,36548,9480,8200,6348,2099
0500000US20015,"Butler County, Kansas",4850,1475,8289,3178,13062,26541,25507,24036,6953,6251,4611,1906
0500000US20103,"Leavenworth County, Kansas",5807,1763,9981,3363,18773,34312,33334,31643,7859,6821,5429,2015
0500000US20161,"Riley County, Kansas",3308,709,5981,14181,25063,33157,32737,27826,4655,3949,3251,1189
0500000US25015,"Hampshire County, Massachusetts",7006,2386,12061,16475,33803,64536,63036,53743,16681,14481,12039,4177
0500000US29031,"Cape Girardeau County, Missouri",5145,1400,8721,5412,15984,30020,29434,26651,8017,7063,5704,2363
0500000US36001,"Albany County, New York",16396,5665,29824,22049,65287,124266,119855,109265,32626,28618,22460,8346
0500000US36029,"Erie County, New York",51870,17026,94602,42420,176434,362646,350245,330814,100378,88289,70998,28020
0500000US37045,"Cleveland County, North Carolina",6510,2044,10824,4417,16810,37529,35935,33972,11771,9584,7772,3084
0500000US39109,"Miami County, Ohio",7847,2309,13062,3809,18562,41249,39489,37719,12617,11948,9299,4048
0500000US39145,"Scioto County, Ohio",4545,1594,8208,3640,15120,30420,29231,27288,8085,7063,5913,2303
0500000US41005,"Clackamas County, Oregon",26725,7776,46426,16391,77684,164532,159290,152892,48285,41849,33928,12354
0500000US45077,"Pickens County, South Carolina",7228,2243,12984,11448,27484,51699,50022,44932,12161,10541,9219,3588
0500000US47163,"Sullivan County, Tennessee",9078,2652,15390,6505,26444,62577,60851,57478,22120,19667,15593,6247
0500000US53027,"Grays Harbor County, Washington",3758,1749,6992,3076,13947,30998,30081,28796,10205,9100,7624,2801
0500000US72139,"Trujillo Alto Municipio, Puerto Rico",3731,1291,6706,3057,12124,N,23666,22507,6999,5953,5130,2116
0500000US05031,"Craighead County, Arkansas",8032,2197,14217,5702,22819,40356,38965,36771,8788,7905,6449,2618
0500000US06071,"San Bernardino County, California",164220,49596,292906,116837,476780,819681,788308,740088,166227,142593,113024,40802
0500000US12099,"Palm Beach County, Florida",80153,25731,144484,57269,257533,593083,575107,547151,203525,184170,157303,79808
0500000US12107,"Putnam County, Florida",4888,1248,8262,3323,12266,29434,28352,26505,11106,9795,8380,3116
0500000US13117,"Forsyth County, Georgia",19688,6243,33295,9300,44945,88112,84054,79587,18157,15339,12455,4457
0500000US13121,"Fulton County, Georgia",65355,19912,116856,53881,232906,405496,392023,367342,77672,65970,51482,19142
0500000US17097,"Lake County, Illinois",49159,16687,86309,39944,140307,275700,264178,244703,67154,57647,45217,16845
0500000US20173,"Sedgwick County, Kansas",38253,11302,67624,24528,103884,193802,186922,176334,48687,41185,33409,12402
0500000US26005,"Allegan County, Michigan",8172,2595,14224,4668,21605,45880,43929,41798,12361,11341,9022,3336
0500000US26081,"Kent County, Michigan",45165,13055,81010,31249,137097,249177,240923,228324,58406,51099,39337,14616
0500000US29037,"Cass County, Missouri",7753,2709,13311,4220,18587,39120,37275,35315,10755,9419,7726,3101
0500000US29189,"St. Louis County, Missouri",62201,19786,111844,42011,180657,373264,360509,343530,109050,95054,75705,30724
0500000US34005,"Burlington County, New Jersey",27038,8195,46595,20513,85783,177485,171850,164308,47155,41045,32653,12992
0500000US34007,"Camden County, New Jersey",32976,10017,57216,21106,97251,192615,185798,176531,48391,42181,33625,12951
0500000US35035,"Otero County, New Mexico",4646,815,7890,3901,14838,27644,26992,25861,7000,6463,5497,2254
0500000US37071,"Gaston County, North Carolina",14119,4469,25323,9551,41405,85173,81886,77679,21084,18764,14823,5311
0500000US37171,"Surry County, North Carolina",4618,1357,7879,3002,12260,27996,27345,25958,9517,8205,6816,2859
0500000US42091,"Montgomery County, Pennsylvania",51482,16228,91045,32954,153638,322770,312286,298101,89845,78755,63475,26170
0500000US46099,"Minnehaha County, South Dakota",14655,3637,25430,8242,40774,74905,72675,68856,17016,14330,11336,3783
0500000US47149,"Rutherford County, Tennessee",22828,6294,40796,19998,73374,124055,119027,110984,21927,18449,14456,4917
0500000US47187,"Williamson County, Tennessee",19622,6191,32264,8729,42603,85693,81824,77019,20843,18169,14358,4978
0500000US48183,"Gregg County, Texas",9015,2270,15360,6181,24133,45533,43665,40410,11685,10262,8204,3112
0500000US48347,"Nacogdoches County, Texas",4372,1128,8187,5788,13603,24697,23944,20886,5896,4961,4396,1661
0500000US48439,"Tarrant County, Texas",157269,46595,278883,97747,436698,773956,741082,697896,160492,133116,103006,36867
0500000US51069,"Frederick County, Virginia",6629,1874,11024,3371,16262,34972,33729,32458,9671,8725,7122,2871
0500000US55089,"Ozaukee County, Wisconsin",5586,1889,9960,3869,15226,35255,33991,32423,11823,9906,8100,3218
0500000US55133,"Waukesha County, Wisconsin",24868,8979,44706,16313,71151,159027,153469,146517,48490,42279,33236,13081
0500000US06065,"Riverside County, California",179294,54404,314558,122099,508636,943764,906995,851954,225118,199716,161202,66847
0500000US06085,"Santa Clara County, California",122427,36318,217382,86232,435166,789321,765037,728205,169836,147298,116329,48635
0500000US06099,"Stanislaus County, California",43551,12724,76005,26903,115076,204754,196314,184145,45103,40227,31958,12116
0500000US08101,"Pueblo County, Colorado",10593,3613,18995,7487,32521,65350,62809,58621,19736,17402,13778,5322
0500000US12053,"Hernando County, Florida",9842,3207,17403,6387,28993,75899,73991,71910,30866,28534,24206,11223
0500000US12101,"Pasco County, Florida",31777,9724,55221,20201,90337,212858,206609,197048,72151,65638,55835,24733
0500000US12115,"Sarasota County, Florida",18305,5390,31479,13100,53821,176369,172399,166699,88076,82496,71759,35615
0500000US12119,"Sumter County, Florida",2941,509,4296,2108,12989,60151,59824,58308,40088,38119,35207,15677
0500000US18011,"Boone County, Indiana",5197,1664,9011,2698,12674,N,24256,22771,6137,5155,3902,1413
0500000US26091,"Lenawee County, Michigan",6031,1889,10598,5411,18997,40108,38912,36533,11645,10353,8068,2987
0500000US29183,"St. Charles County, Missouri",27269,8226,47456,16958,78985,153879,149066,142110,39462,34384,26146,10058
0500000US29187,"St. Francois County, Missouri",3974,910,6653,3009,14423,28691,27981,26927,7168,6590,4968,1910
0500000US36059,"Nassau County, New York",83857,27231,149294,60930,249380,530160,512348,485494,149465,130205,104848,42526
0500000US36071,"Orange County, New York",28276,8956,50373,22633,77246,147296,141656,132092,35084,31335,23532,8594
0500000US37133,"Onslow County, North Carolina",13323,2733,24412,31200,64162,85820,84175,70640,11448,9941,8173,3107
0500000US39113,"Montgomery County, Ohio",33174,10493,61065,24760,100469,203367,196164,184685,56935,49636,40636,16553
0500000US45045,"Greenville County, South Carolina",34075,10302,60803,22468,100591,197117,189540,179942,50898,43973,35559,13507
0500000US47059,"Greene County, Tennessee",3805,1168,6705,3232,12398,28037,27242,25238,9351,7990,6584,2571
0500000US48041,"Brazos County, Texas",13150,4016,24571,30801,66697,93897,90846,76183,13291,12390,9792,3396
0500000US48209,"Hays County, Texas",14352,3585,25310,18767,54311,88471,85778,78481,15680,13599,11234,4029
0500000US51059,"Fairfax County, Virginia",77095,23156,137678,48880,233159,448122,433095,413342,105375,88725,70761,26264
0500000US12081,"Manatee County, Florida",20942,6205,37429,14063,59856,157706,153855,147211,63310,58414,50086,23262
0500000US13057,"Cherokee County, Georgia",18642,5990,31796,10938,48920,97643,93491,88327,23272,21262,16542,5735
0500000US13215,"Muscogee County, Georgia",14440,3823,24802,9738,41512,72222,69868,65744,16289,13318,10468,3905
0500000US15001,"Hawaii County, Hawaii",12594,2882,21658,7590,33728,79681,77312,74299,28581,25518,20740,7102
0500000US18127,"Porter County, Indiana",10892,3520,19721,8756,32541,66938,64463,60979,18439,16007,12501,4708
0500000US22057,"Lafourche Parish, Louisiana",6922,1857,11235,3334,18214,37313,35953,34623,9879,8354,6531,2650
0500000US24510,"Baltimore city, Maryland",33706,9220,62430,27936,127680,226204,220247,208081,50658,44218,33869,12593
0500000US36083,"Rensselaer County, New York",9325,2906,15992,9215,32653,65075,62774,58337,17413,15468,11847,4159
0500000US37057,"Davidson County, North Carolina",10822,3038,18123,6299,29043,65345,63018,60879,19581,16733,13576,5119
0500000US39089,"Licking County, Ohio",11684,3606,20664,7765,31589,67174,64847,61411,18547,16314,12717,4887
0500000US41029,"Jackson County, Oregon",12904,3342,22385,8497,37761,86268,84226,80861,29218,26889,21920,8377
0500000US42063,"Indiana County, Pennsylvania",4314,1325,7669,7402,17772,35738,34858,31177,10506,9246,7505,2956
0500000US45007,"Anderson County, South Carolina",13293,4162,23786,9212,36085,76305,73557,69286,21685,19801,16015,5848
0500000US48135,"Ector County, Texas",13567,3384,24939,8615,37107,59828,57779,54221,11715,9136,6732,2456
0500000US48423,"Smith County, Texas",16302,5226,29854,11123,43986,85460,81805,76721,22974,20119,16443,6573
0500000US48469,"Victoria County, Texas",6833,1510,11410,3977,16952,33675,32858,31086,9520,8461,6465,2859
0500000US55127,"Walworth County, Wisconsin",6135,1963,11079,6487,20657,42352,41022,37879,11936,10924,8421,3254
0500000US01127,"Walker County, Alabama",4043,1092,7375,2727,11204,24034,23695,22404,6517,6223,5158,1975
0500000US05007,"Benton County, Arkansas",20705,6007,36340,11301,57191,102614,98776,93199,22970,20251,16330,6927
0500000US06101,"Sutter County, California",7256,2245,12653,4172,19176,36321,34977,32899,9715,8319,6562,3223
0500000US08001,"Adams County, Colorado",39169,11572,69280,23225,117347,197978,189074,179090,35662,30968,23590,8206
0500000US12087,"Monroe County, Florida",3235,949,5588,2733,13130,33620,32903,31557,11795,10588,8788,3425
0500000US12095,"Orange County, Florida",87993,25647,156417,70412,311491,538077,521472,487887,107503,91517,72375,26398
0500000US13077,"Coweta County, Georgia",10333,5307,19263,7503,30944,56696,53777,50557,13758,11586,9423,2983
0500000US17099,"LaSalle County, Illinois",6773,2257,11926,4151,20953,44944,43316,41717,13162,11909,9446,3681
0500000US19113,"Linn County, Iowa",15121,4690,27315,10271,44942,87150,84260,79996,22454,20134,15932,6083
0500000US27013,"Blue Earth County, Minnesota",3726,931,6523,6989,16915,27499,26906,23349,5582,5026,4162,1628
0500000US28047,"Harrison County, Mississippi",13974,4022,25307,10925,41152,78900,76346,72072,19026,16478,14288,5356
0500000US28049,"Hinds County, Mississippi",16664,4705,28787,12802,46840,85271,81701,75681,20690,17911,13683,4859
0500000US29099,"Jefferson County, Missouri",15404,4484,26338,8572,42049,88549,85241,82015,23541,20831,15500,5573
0500000US33009,"Grafton County, New Hampshire",3971,1324,7068,6230,17426,37709,36681,32691,12143,10223,8771,3441
0500000US36013,"Chautauqua County, New York",7522,2355,13349,6385,23582,52182,50465,47454,15953,14367,11598,4656
0500000US37067,"Forsyth County, North Carolina",25435,7670,44858,18169,70555,140539,135571,127079,36537,31846,25780,9750
0500000US39025,"Clermont County, Ohio",13929,4244,24381,8403,38268,79413,76434,73093,21402,18590,14825,5339
0500000US39041,"Delaware County, Ohio",16090,4813,27719,9180,38403,76423,73302,69197,18444,15296,12298,4313
0500000US39049,"Franklin County, Ohio",84317,23367,155007,63540,293501,500430,484438,455807,102302,85777,67010,24312
0500000US39103,"Medina County, Ohio",11910,4256,21298,6777,32392,70664,67915,64557,19940,18075,14584,5534
0500000US47011,"Bradley County, Tennessee",6953,2352,12553,5445,20563,41218,39850,37187,10409,9493,7807,3005
0500000US48021,"Bastrop County, Texas",6129,2022,11518,4772,16646,33774,32625,30167,9772,8151,5931,1968
0500000US48355,"Nueces County, Texas",25561,7932,46001,17794,76401,137996,133695,125054,34360,30000,23794,8542
0500000US53005,"Benton County, Washington",15117,4500,26590,8479,40121,75574,73401,69347,19571,17691,14106,5176
0500000US53073,"Whatcom County, Washington",12608,3404,22517,15886,48101,91366,88952,81829,25990,22960,18302,6828
0500000US04001,"Apache County, Arizona",5867,1670,10019,3802,14492,26796,25594,23959,7348,6500,4938,1999
0500000US04015,"Mohave County, Arizona",10158,3016,17767,6842,31569,89611,87829,85073,41187,38321,31652,13304
0500000US04019,"Pima County, Arizona",61849,18140,109784,62099,208936,411843,400483,376153,123771,110695,93110,38504
0500000US05143,"Washington County, Arkansas",15394,4888,28988,17956,56633,92876,89100,81147,18016,14554,11881,4399
0500000US06095,"Solano County, California",28766,8348,51045,20403,90950,177121,171427,163250,46176,38592,31322,11552
0500000US11001,"District of Columbia, District of Columbia",33387,7737,65056,34248,170452,275004,269152,253866,50152,43209,35230,14225
0500000US12109,"St. Johns County, Florida",17220,4791,27942,10706,41673,100091,96493,89812,32761,29954,24442,9249
0500000US16083,"Twin Falls County, Idaho",6875,2436,12576,3750,17081,32841,30794,30029,8094,7181,5677,2433
0500000US17115,"Macon County, Illinois",6575,1965,11809,4297,18176,39664,38470,36210,13756,11423,9365,3830
0500000US18167,"Vigo County, Indiana",6036,2024,11531,8468,24901,44320,43024,39147,10434,8983,7110,2564
0500000US21037,"Campbell County, Kentucky",5302,1882,9859,4301,18275,36430,35147,33396,9522,7949,6562,2273
0500000US22019,"Calcasieu Parish, Louisiana",14045,3709,25211,8891,39186,75659,72873,68768,19495,17513,13251,4882
0500000US22097,"St. Landry Parish, Louisiana",6093,2313,11874,3928,15723,30376,28395,26038,8442,7050,5703,2063
0500000US25023,"Plymouth County, Massachusetts",31829,10657,56624,22713,91738,203377,196082,186589,58685,51978,41291,15186
0500000US29043,"Christian County, Missouri",6612,2404,11769,3326,16437,32428,30892,29555,9334,7602,6189,2416
0500000US30049,"Lewis and Clark County, Montana",4053,1334,7755,2821,12582,27078,26099,25032,8470,7339,5936,2020
0500000US35025,"Lea County, New Mexico",6195,1824,10734,3699,16927,26176,24964,22539,5624,4084,3495,1300
0500000US39157,"Tuscarawas County, Ohio",5631,1789,10372,4179,16544,35541,34443,32568,11064,10154,7836,3117
0500000US40125,"Pottawatomie County, Oklahoma",4706,1534,8371,3462,13681,27132,26242,24553,8001,6698,5328,1983
0500000US45091,"York County, South Carolina",20073,6279,34409,11822,51845,102554,98048,92338,24805,21581,17113,5992
0500000US48441,"Taylor County, Texas",9561,2576,16959,10444,30508,51469,49970,45358,12534,10948,8293,3830
0500000US48471,"Walker County, Texas",3600,792,5934,5616,18616,N,34432,32031,6792,5935,4245,1426
0500000US50007,"Chittenden County, Vermont",8054,2918,14689,12920,37130,67370,65576,59057,16702,14538,11349,3862
0500000US51740,"Portsmouth city, Virginia",6473,1676,11619,4816,19551,35632,34519,32140,8612,6867,5817,2101
0500000US54107,"Wood County, West Virginia",5066,1578,9111,3026,14330,32723,31652,30263,10416,9323,7637,3001
0500000US56025,"Natrona County, Wyoming",5424,1883,10015,2861,16179,31147,29790,28513,8130,7106,5506,1846
0500000US01055,"Etowah County, Alabama",6018,1802,10814,4789,18304,39031,38016,36361,12270,10683,8411,3143
0500000US01081,"Lee County, Alabama",11141,2106,17947,16612,38153,64204,62885,54278,13008,11086,9011,2767
0500000US02020,"Anchorage Municipality, Alaska",19966,5968,36696,15725,65980,115912,111972,105308,23916,19329,15703,4758
0500000US08031,"Denver County, Colorado",39067,9375,70606,28084,182391,294860,288230,277381,53486,46099,36805,12606
0500000US12021,"Collier County, Florida",18395,5934,32171,14268,56544,157355,153129,147064,69160,65417,58031,29902
0500000US12086,"Miami-Dade County, Florida",155526,47305,283661,117646,555672,1087176,1056037,1008240,260585,228912,186077,80780
0500000US18097,"Marion County, Indiana",66354,18096,119989,43047,198955,351117,339160,321783,75662,63925,50476,18496
0500000US20045,"Douglas County, Kansas",5634,1677,10375,14126,32582,50502,49535,43527,9243,8553,7068,2700
0500000US22063,"Livingston Parish, Louisiana",10613,2722,18315,5975,27320,52985,50263,47364,13069,11154,8380,3081
0500000US26037,"Clinton County, Michigan",5121,1764,9059,3514,15170,30957,30075,28822,9045,8271,6237,2346
0500000US28059,"Jackson County, Mississippi",12413,2691,18117,7095,26678,55043,52920,49505,14657,12293,10483,4204
0500000US36019,"Clinton County, New York",4056,1381,7350,6169,18789,35997,35008,32840,9816,7723,6233,2372
0500000US36061,"New York County, New York",61631,16544,117205,65432,372713,664619,653157,629664,150194,133642,109763,47453
0500000US36091,"Saratoga County, New York",12795,4395,23489,10435,42934,93062,89850,85457,25968,22473,18663,6838
0500000US37001,"Alamance County, North Carolina",10506,3827,19018,8676,31398,62288,59937,54902,16426,14637,11894,4716
0500000US37101,"Johnston County, North Carolina",15557,3846,26136,7551,37176,74915,71977,67959,16218,14666,11536,3505
0500000US37135,"Orange County, North Carolina",8161,2055,12965,12419,29885,54979,53570,47388,12668,11361,9110,3103
0500000US37179,"Union County, North Carolina",19302,6626,32120,11147,43914,88307,83728,78913,18941,16752,13089,4871
0500000US38035,"Grand Forks County, North Dakota",4929,1061,8582,7824,18641,29828,28865,24585,6021,5214,3983,1550
0500000US39017,"Butler County, Ohio",26237,8179,46415,23566,75890,147486,141672,130465,37105,31788,24939,9300
0500000US41017,"Deschutes County, Oregon",11939,3490,20104,6013,34144,77548,75488,73082,25573,23188,18786,6980
0500000US42033,"Clearfield County, Pennsylvania",4493,1334,7778,3111,15103,34778,33867,32790,10130,8767,7326,2929
0500000US45057,"Lancaster County, South Carolina",5982,1682,10366,3418,17241,36907,35471,32982,11121,10016,8708,3397
0500000US47009,"Blount County, Tennessee",8085,2831,14538,5055,22351,51258,49048,46879,16827,14914,12090,4868
0500000US48121,"Denton County, Texas",61630,19268,108391,39309,186164,328209,314606,296129,60476,50345,38939,13090
0500000US48375,"Potter County, Texas",9764,2170,16553,6317,25745,45892,44687,41574,9105,8145,6337,2385
0500000US48453,"Travis County, Texas",76067,21513,137636,57526,313568,508254,493141,468933,86805,72822,55958,17974
0500000US49011,"Davis County, Utah",33539,9240,58498,17071,76944,124968,118913,111470,24193,21396,16662,6243
0500000US51013,"Arlington County, Virginia",12284,3346,22846,10419,62826,99651,96952,94652,17253,14455,11124,3904
0500000US01101,"Montgomery County, Alabama",14782,4484,26975,10763,44574,82926,79638,74782,20553,17795,14329,5298
0500000US06073,"San Diego County, California",203650,59346,369604,189314,764751,1351458,1313204,1236658,301542,264963,209120,82022
0500000US06077,"San Joaquin County, California",59703,17899,104690,37467,158157,282590,269957,251462,63181,55626,42392,16010
0500000US10001,"Kent County, Delaware",11604,3178,20589,8719,33618,66922,65216,61688,18019,15619,13200,5348
0500000US12111,"St. Lucie County, Florida",18869,5490,31389,12045,54558,128491,124514,120399,45373,41811,35970,15515
0500000US13185,"Lowndes County, Georgia",8013,1956,13770,9971,26126,42704,41765,38173,8378,7316,6010,2282
0500000US17001,"Adams County, Illinois",4559,1073,7995,2324,11378,25446,24666,23778,8050,6807,5914,2668
0500000US17037,"DeKalb County, Illinois",5935,1879,10875,10574,24955,41044,40028,34743,8764,7231,5649,2128
0500000US17199,"Williamson County, Illinois",4507,1040,7691,2095,12000,27220,26299,25286,8865,7663,5668,2247
0500000US18063,"Hendricks County, Indiana",12684,4263,22004,6433,33685,64268,61435,58557,14357,12194,9830,3571
0500000US19155,"Pottawattamie County, Iowa",6810,1665,11310,4337,17151,35539,34405,32209,10517,9437,7118,2751
0500000US24021,"Frederick County, Maryland",17115,5794,30453,11502,50098,99768,96090,91089,24903,21756,16235,5850
0500000US24033,"Prince George's County, Maryland",56280,15947,102486,44259,187532,345487,335139,314292,75410,65757,50345,17845
0500000US26045,"Eaton County, Michigan",6801,2155,11727,5110,21225,43955,42663,40007,14022,12199,9261,3318
0500000US26075,"Jackson County, Michigan",9510,3411,17272,7166,31740,66243,63777,60378,18572,16432,13125,4849
0500000US26121,"Muskegon County, Michigan",11470,3906,20992,6829,33947,68686,66199,63400,19129,16511,13396,4868
0500000US26139,"Ottawa County, Michigan",20553,5732,35230,19159,59437,112230,108362,99225,27404,25000,19684,8066
0500000US27003,"Anoka County, Minnesota",24509,7255,42735,14214,69348,138970,134042,127858,33960,29828,23138,8293
0500000US31055,"Douglas County, Nebraska",40452,11643,74068,25562,119728,213171,205463,194256,46957,40687,32325,11749
0500000US31109,"Lancaster County, Nebraska",20703,5515,36708,23165,73747,126211,122713,114309,28832,25290,19497,7066
0500000US33005,"Cheshire County, New Hampshire",3954,1173,6663,4430,14163,30891,30261,28173,10096,8882,6911,2488
0500000US34011,"Cumberland County, New Jersey",10249,2912,17645,6071,33802,61759,59622,56873,14341,12425,10331,4025
0500000US35049,"Santa Fe County, New Mexico",7781,2385,13591,5551,24821,60552,59188,56480,21839,20498,16794,5834
0500000US37051,"Cumberland County, North Carolina",22340,6521,41267,25686,79802,127507,123057,113347,24600,21313,16780,6075
0500000US42075,"Lebanon County, Pennsylvania",9431,2936,16232,5570,25138,55127,52933,50159,17373,15487,12524,5014
0500000US47037,"Davidson County, Tennessee",38944,10668,72638,32579,159555,268450,261616,248847,53499,46701,35515,12432
0500000US48113,"Dallas County, Texas",194798,56136,351719,127638,582295,988578,950137,898906,190577,159863,122056,43356
0500000US48167,"Galveston County, Texas",23571,7612,42305,15165,66833,129880,124444,117777,31574,27065,22367,6722
0500000US51153,"Prince William County, Virginia",37120,10508,65875,21076,98276,174729,167959,158573,31208,26961,20754,7519
0500000US51199,"York County, Virginia",4369,715,6828,3310,12846,25525,25067,23682,6679,5651,5063,1898
0500000US53011,"Clark County, Washington",33794,10217,59503,19996,94608,185728,179458,171590,48442,42684,33838,12100
0500000US55117,"Sheboygan County, Wisconsin",8117,2538,13559,4963,22040,46921,45517,43175,13733,12069,9396,3578
0500000US56021,"Laramie County, Wyoming",6304,1488,11161,4159,19522,39663,38462,36228,10851,9750,7652,2788
0500000US06053,"Monterey County, California",33277,8848,57676,22444,94453,169569,163335,153452,38633,34234,27073,10658
0500000US08035,"Douglas County, Colorado",26194,9225,46206,13348,67115,131893,125272,119735,27804,23212,18482,6313
0500000US12031,"Duval County, Florida",59956,16363,109342,42875,195732,363564,350574,331976,83282,72549,57481,20045
0500000US13255,"Spalding County, Georgia",5129,1827,8398,2374,11981,24440,23483,22280,6858,6177,5302,1965
0500000US18003,"Allen County, Indiana",27569,8687,49962,16491,74979,140180,134054,126741,33277,28970,23966,8757
0500000US22005,"Ascension Parish, Louisiana",9898,3071,17224,4532,25886,45846,44033,41412,10020,8399,6224,1916
0500000US26161,"Washtenaw County, Michigan",19649,6682,35388,35106,90983,153440,148882,133259,33159,28488,23205,8335
0500000US28089,"Madison County, Mississippi",7455,2057,13260,5053,19879,38446,36859,34753,8722,7733,5880,1775
0500000US29021,"Buchanan County, Missouri",5806,1532,10299,4124,17997,36272,34807,33587,9642,8867,6256,2301
0500000US29077,"Greene County, Missouri",16788,4860,30028,19174,61837,113773,110904,103059,28409,25643,20888,8595
0500000US34015,"Gloucester County, New Jersey",18861,5648,31451,13574,54694,112499,109236,103581,29733,24969,20171,7546
0500000US34029,"Ocean County, New Jersey",40310,11500,73477,22574,97860,224035,216708,206826,78040,69973,58147,26099
0500000US34039,"Union County, New Jersey",37025,11268,66201,23723,109323,213114,206071,195818,49474,42560,34072,13345
0500000US36009,"Cattaraugus County, New York",4781,1611,8573,3400,13685,30550,29494,28082,9599,8632,6851,2652
0500000US36055,"Monroe County, New York",43986,13891,78621,37105,143686,288153,279526,261939,82049,71235,55674,21750
0500000US36109,"Tompkins County, New York",4403,1847,9209,13678,26890,43483,42256,35077,9733,8643,6380,2309
0500000US37027,"Caldwell County, North Carolina",4479,1493,8777,3334,14558,34031,32703,31169,10197,8735,7203,2724
0500000US37063,"Durham County, North Carolina",17975,4938,33231,15553,70093,121185,118192,110245,25493,22475,17683,6497
0500000US37191,"Wayne County, North Carolina",8351,2903,15701,6123,24838,46804,45184,42049,13223,11190,8857,3214
0500000US41003,"Benton County, Oregon",4463,1306,7870,11569,23909,39449,38618,33453,9149,8451,6969,2479
0500000US41067,"Washington County, Oregon",39589,11999,69942,24988,129785,234190,226282,217482,51429,44867,35323,12580
0500000US42025,"Carbon County, Pennsylvania",3173,1264,5962,2272,10718,26389,25588,24784,9062,7172,6061,2316
0500000US42069,"Lackawanna County, Pennsylvania",12433,4060,21653,8798,37971,83228,79937,74921,26051,21978,17890,7121
0500000US45003,"Aiken County, South Carolina",10366,3943,20051,7070,30824,65852,63042,58776,20272,17887,14684,5644
0500000US48213,"Henderson County, Texas",5015,958,8035,3853,13628,31651,30830,29064,12017,10392,8126,3290
0500000US49035,"Salt Lake County, Utah",89079,26091,158559,56508,266961,435008,418843,393923,83921,72319,56649,20534
0500000US51177,"Spotsylvania County, Virginia",9414,3321,17576,5975,26415,50816,48719,45983,11773,11004,8561,3126
0500000US01051,"Elmore County, Alabama",5398,1879,9954,3307,16044,30968,30034,28932,8179,6975,5538,1857
0500000US01115,"St. Clair County, Alabama",5983,2602,11113,3275,17346,35729,33820,32202,9041,8244,6620,2376
0500000US05131,"Sebastian County, Arkansas",8764,2809,15807,6071,25206,49352,47459,44409,12395,10923,8994,3293
0500000US06055,"Napa County, California",9153,2878,15802,6264,26216,55998,53892,50788,16536,14545,12375,5088
0500000US08059,"Jefferson County, Colorado",32772,10026,58260,24085,120046,236811,230356,220463,62585,54040,42948,15433
0500000US12001,"Alachua County, Florida",14083,4336,25484,26078,68436,108756,105945,93715,22699,20109,16643,6278
0500000US12069,"Lake County, Florida",19519,6043,34065,12441,55644,141635,137369,132410,55608,50525,43451,20265
0500000US12127,"Volusia County, Florida",27578,9168,49708,24066,94212,225391,217546,206751,80338,71745,60839,25536
0500000US17119,"Madison County, Illinois",16808,5231,29979,10846,49317,102619,99164,94530,28726,24588,19838,7908
0500000US18105,"Monroe County, Indiana",5925,2180,11377,19798,40939,62154,60742,50357,11798,9707,8195,3106
0500000US19169,"Story County, Iowa",4373,1277,8115,16794,29912,43218,42108,34182,6808,5840,5178,2085
0500000US34027,"Morris County, New Jersey",29715,10006,52363,21558,89486,196442,189256,180987,53821,46895,37207,15497
0500000US36065,"Oneida County, New York",13958,3795,24475,10540,43703,91921,89512,84290,26256,22756,18586,7789
0500000US36075,"Oswego County, New York",6788,2385,12236,7007,23573,48995,46986,43361,12857,11212,8990,3277
0500000US37147,"Pitt County, North Carolina",11013,2769,19695,13423,39152,66017,64118,58347,14261,12199,9985,3207
0500000US39101,"Marion County, Ohio",4089,1246,7103,2907,13904,28285,27557,26361,7339,6386,5221,1901
0500000US39173,"Wood County, Ohio",7574,2255,13264,11310,28947,52682,51193,45493,13104,11046,8950,3416
0500000US41071,"Yamhill County, Oregon",7095,2030,11784,5872,22017,42383,41179,38468,11437,10079,8108,3190
0500000US42011,"Berks County, Pennsylvania",26809,8375,47011,20764,79038,163911,158960,149671,45405,40365,32354,12775
0500000US47155,"Sevier County, Tennessee",6309,1756,11164,3728,16941,38745,37624,36533,11803,10480,8744,3204
0500000US48099,"Coryell County, Texas",5025,1129,8566,6611,18871,29227,28464,25152,4394,3901,3169,1189
0500000US48367,"Parker County, Texas",9857,3062,17382,5957,25612,53436,51286,48052,13855,12509,10181,3809
0500000US51121,"Montgomery County, Virginia",4257,1334,7369,16651,30021,45195,44267,34666,7500,6530,5280,2003
0500000US53029,"Island County, Washington",4053,1202,7431,4354,16832,35797,34755,33629,12214,11367,9745,3715
0500000US55027,"Dodge County, Wisconsin",5242,1575,8743,3321,17473,37722,37104,35952,10753,8803,7030,2850
0500000US55039,"Fond du Lac County, Wisconsin",5916,1954,11246,3848,18198,40564,39304,37439,12381,10667,8503,3308
0500000US12071,"Lee County, Florida",38426,12346,68338,26623,118849,309187,301554,289296,127356,117834,102892,46620
0500000US12105,"Polk County, Florida",45458,13914,80339,30405,131474,276828,266744,251964,86641,77155,65407,28338
0500000US17019,"Champaign County, Illinois",10849,3728,20623,25977,56473,87410,84637,71574,17697,15597,11832,4049
0500000US21029,"Bullitt County, Kentucky",4837,2187,9020,3504,16151,32848,31510,29465,8565,7852,6279,2193
0500000US26073,"Isabella County, Michigan",2982,1152,5693,9213,18403,29378,28619,24619,5899,5275,3965,1390
0500000US28035,"Forrest County, Mississippi",4748,3124,10093,5164,18457,29255,26838,24668,6753,5791,4574,1388
0500000US34003,"Bergen County, New Jersey",57306,18690,101181,38622,172446,366561,353448,338107,97877,85658,69648,29170
0500000US34041,"Warren County, New Jersey",5968,2245,10726,4626,18677,42974,41275,39154,12476,10924,8390,3353
0500000US39003,"Allen County, Ohio",6733,2108,12045,6409,20741,41594,40077,36635,12074,10112,7934,3222
0500000US39043,"Erie County, Ohio",4507,1773,8088,2733,12646,29945,28685,28030,9208,8222,7197,2918
0500000US40145,"Wagoner County, Oklahoma",5818,1854,10049,3254,14978,30994,29583,28269,8454,7645,6142,2217
0500000US41053,"Polk County, Oregon",5961,1525,9407,4905,16690,32183,31538,29211,9195,8307,7230,3060
0500000US42043,"Dauphin County, Pennsylvania",17666,5492,32085,11686,51547,106549,102541,97468,28518,25615,20069,7597
0500000US42089,"Monroe County, Pennsylvania",10117,3563,17009,9611,31813,68822,66740,63122,20841,17938,12994,4627
0500000US44005,"Newport County, Rhode Island",4250,1375,7362,3832,15309,34806,34018,32616,12012,10781,8756,3339
0500000US44009,"Washington County, Rhode Island",5777,2188,10537,8745,23035,52496,50847,46460,16519,14812,11795,4262
0500000US45073,"Oconee County, South Carolina",4671,1270,8136,4081,13418,31235,30669,29050,11085,10201,8517,3155
0500000US48187,"Guadalupe County, Texas",12520,3593,21266,8087,33004,62211,59962,55489,14370,12863,9805,3179
0500000US48215,"Hidalgo County, Texas",81184,23232,144152,48527,183761,295763,281241,260056,59106,52412,42240,18075
0500000US48329,"Midland County, Texas",12918,3802,24446,7094,40076,64353,61684,58916,12722,10861,8050,3316
0500000US53061,"Snohomish County, Washington",52374,14715,93788,32329,169041,324602,314092,300946,74693,63776,49304,16922
0500000US55079,"Milwaukee County, Wisconsin",64869,18006,115936,45602,197959,354524,343262,323753,83482,71145,55098,20664
0500000US55101,"Racine County, Wisconsin",12915,4564,23413,8432,37761,77473,74064,70913,21496,18077,14395,5333
0500000US72113,"Ponce Municipio, Puerto Rico",7560,2517,13111,6978,25423,52610,50832,48223,16514,14824,12619,5412
0500000US06047,"Merced County, California",23121,6784,41038,16584,61180,101682,97482,89349,20049,17417,14214,5970
0500000US06081,"San Mateo County, California",46368,13316,81819,28422,157963,309320,299865,287269,77527,68445,54381,22232
0500000US02170,"Matanuska-Susitna Borough, Alaska",8416,2649,14835,4827,22878,42425,40646,38358,9991,8524,6475,2052
0500000US04027,"Yuma County, Arizona",15364,4637,27675,13700,46359,85107,81851,76739,24063,21219,19118,9900
0500000US05119,"Pulaski County, Arkansas",26138,7394,45565,17098,76285,147037,142020,133432,37385,33219,26314,9300
0500000US13045,"Carroll County, Georgia",9187,2559,14818,7332,24100,45025,43419,39947,10716,9434,7753,2714
0500000US13067,"Cobb County, Georgia",50353,15757,89981,34128,156289,288115,276960,261682,60168,50981,40597,13746
0500000US13139,"Hall County, Georgia",14983,4805,26185,9030,39646,77350,74140,69597,18990,16643,13843,5514
0500000US18085,"Kosciusko County, Indiana",6025,1597,9966,4016,15447,30389,29660,28134,8860,7752,6033,2272
0500000US18163,"Vanderburgh County, Indiana",12064,3369,21034,8182,35679,69830,67271,63498,19356,16786,12909,4984
0500000US22033,"East Baton Rouge Parish, Louisiana",28037,8726,50446,28694,95698,165783,160275,148265,39483,34285,26390,9234
0500000US24013,"Carroll County, Maryland",10749,3759,19089,7778,30450,67218,64471,60812,18225,15946,12328,4653
0500000US24045,"Wicomico County, Maryland",6174,2184,11714,6419,20677,38778,37031,33496,9790,8443,6951,2660
0500000US25027,"Worcester County, Massachusetts",50091,16227,89237,40812,162223,330936,320601,301907,85323,74324,58023,21252
0500000US26065,"Ingham County, Michigan",16195,4520,29369,27520,69308,116143,113094,100338,25716,22377,17536,6006
0500000US34019,"Hunterdon County, New Jersey",7378,2652,12422,6256,21281,51320,49598,47089,15196,12923,10741,3761
0500000US36063,"Niagara County, New York",11883,4172,21371,8982,36930,84655,81372,76914,26996,23047,17666,6552
0500000US36079,"Putnam County, New York",5518,2167,10178,4610,17917,40472,39350,37725,12147,9958,7793,2790
0500000US37049,"Craven County, North Carolina",6885,1755,12308,7397,21699,41434,40180,37272,12029,10806,8579,3927
0500000US37151,"Randolph County, North Carolina",9046,3334,16840,5510,25790,56131,53719,51373,15107,13558,11307,4332
0500000US39141,"Ross County, Ohio",4413,1505,8128,3497,15745,33262,32043,30802,8497,7569,5963,2460
0500000US40109,"Oklahoma County, Oklahoma",57810,15788,104278,36272,163849,293880,283932,267694,66958,58794,47138,17382
0500000US48245,"Jefferson County, Texas",17185,4786,30810,12699,56343,102614,99401,93958,23841,20617,15922,6672
0500000US48303,"Lubbock County, Texas",20486,6004,37114,26787,73546,118579,114749,103656,23903,19854,16059,6328
0500000US54003,"Berkeley County, West Virginia",8019,3005,14474,4207,22445,46666,44574,42429,12416,11152,8493,2716
0500000US55073,"Marathon County, Wisconsin",8631,2773,15295,6057,25227,54717,52489,50309,15482,13491,11104,4335
0500000US02090,"Fairbanks North Star Borough, Alaska",6720,1727,12319,7451,26655,42114,41078,37652,7865,7014,5211,1302
0500000US05085,"Lonoke County, Arkansas",5369,1862,9834,2959,14591,27311,26365,25379,6777,5590,4296,1471
0500000US06001,"Alameda County, California",97600,28042,175317,68944,362789,664521,644862,615618,147022,126964,101082,38224
0500000US06097,"Sonoma County, California",28611,9231,49966,21255,93573,200097,193986,184252,61093,53220,43522,15570
0500000US06113,"Yolo County, California",13095,4395,23476,20508,53274,86555,83532,71020,17277,14985,12244,4917
0500000US09015,"Windham County, Connecticut",6024,2245,10661,6258,23736,48100,46143,42881,12531,11011,8512,3297
0500000US12011,"Broward County, Florida",115744,35898,209392,80507,373722,765854,741462,708559,204080,176657,142626,59021
0500000US20177,"Shawnee County, Kansas",12151,4054,21756,7778,32848,67123,64700,60949,20094,18474,14717,5238
0500000US21067,"Fayette County, Kentucky",19109,5347,34595,21717,74010,126749,123563,114793,26358,23564,18332,6899
0500000US22017,"Caddo Parish, Louisiana",16597,4543,29061,10060,44693,88507,85710,80686,25140,21273,17385,6722
0500000US22079,"Rapides Parish, Louisiana",9172,2851,16663,5719,25013,48987,47125,44494,13875,11824,9279,3334
0500000US26147,"St. Clair County, Michigan",9424,3802,17437,6288,28107,64895,62143,59948,20001,17330,13900,5083
0500000US27171,"Wright County, Minnesota",11746,3426,20265,5319,26301,51814,49245,46509,11952,10391,7964,3113
0500000US29095,"Jackson County, Missouri",46716,13456,83623,28600,138878,264204,254552,243076,65552,57108,44666,17160
0500000US36051,"Livingston County, New York",3238,1030,5752,4235,12906,27078,26276,24164,7837,6893,5125,1959
0500000US36103,"Suffolk County, New York",89136,30397,159844,68732,277313,590428,569935,540118,159441,138806,109628,44300
0500000US40027,"Cleveland County, Oklahoma",17661,5296,30668,20034,66860,112547,109480,100722,23315,20697,16839,5841
0500000US40101,"Muskogee County, Oklahoma",4907,1403,8518,3408,12900,25592,24831,23247,7091,6206,4956,1994
0500000US41035,"Klamath County, Oregon",4330,1214,7574,2929,11936,26734,26145,24356,9899,8351,7045,2556
0500000US42101,"Philadelphia County, Pennsylvania",95487,26266,175208,76546,344137,592313,574809,543307,127833,109313,86658,33200
0500000US45019,"Charleston County, South Carolina",23088,6522,41090,18521,84990,159674,155328,147311,40045,35344,28942,10223
0500000US45047,"Greenwood County, South Carolina",4228,1779,7208,3801,13077,26766,25296,23761,7428,6350,5590,2656
0500000US47141,"Putnam County, Tennessee",3837,1796,7545,6334,18098,32264,31143,28155,8416,7208,5829,2482
0500000US48257,"Kaufman County, Texas",10046,2807,17265,5332,26452,46821,45251,42616,11136,9321,7098,2693
0500000US48381,"Randall County, Texas",9378,2972,16724,7403,28208,52287,50556,47842,12688,11300,9027,3454
0500000US55071,"Manitowoc County, Wisconsin",4972,1401,8438,2803,13508,32350,31513,30131,10253,9071,7328,2895
0500000US55139,"Winnebago County, Wisconsin",9557,2925,17477,10088,36326,70982,68833,64780,17362,15377,12508,4870
0500000US72031,"Carolina Municipio, Puerto Rico",7541,2775,13179,6934,26768,56446,54263,51382,17503,15207,13400,6440
0500000US01095,"Marshall County, Alabama",6866,2079,12058,4278,17853,36572,35180,33841,9833,8899,7026,2856
0500000US04017,"Navajo County, Arizona",8601,2319,14768,4493,20229,41621,40247,38377,12873,10887,9481,3699
0500000US06107,"Tulare County, California",43560,12243,74287,24354,99718,169103,160035,149140,36059,30418,23626,9121
0500000US08077,"Mesa County, Colorado",9841,2835,17029,7059,29324,59515,57865,54411,17983,16621,13200,5257
0500000US09001,"Fairfield County, Connecticut",61253,20290,108034,43744,175968,365489,351628,333081,96987,84838,64953,26886
0500000US12089,"Nassau County, Florida",5407,1596,9022,2585,14240,34798,33676,32212,12056,10481,9087,3617
0500000US17163,"St. Clair County, Illinois",17950,5884,32190,10645,49112,98732,94762,89807,26056,22586,17572,6579
0500000US18035,"Delaware County, Indiana",6283,1921,11327,11269,24984,45376,44035,38968,11417,10028,8329,3472
0500000US18091,"LaPorte County, Indiana",7435,2020,13199,4660,22977,46285,44997,43478,12279,10796,8822,3201
0500000US18095,"Madison County, Indiana",8107,2453,13936,5749,25377,52019,50275,47784,14598,13185,10461,3983
0500000US21117,"Kenton County, Kentucky",10604,3047,19996,7811,33510,63648,61781,58754,15223,13388,10465,3575
0500000US22055,"Lafayette Parish, Louisiana",15775,5036,28955,12919,52059,92663,88835,83696,20187,17265,13795,4718
0500000US24017,"Charles County, Maryland",10793,3583,19326,7508,30770,60745,58179,55035,13939,11918,8720,3223
0500000US26077,"Kalamazoo County, Michigan",16650,5157,30254,20360,59372,104367,100716,91845,24699,22006,17468,6431
0500000US27109,"Olmsted County, Minnesota",10695,3662,19587,5711,30772,59408,56932,54441,14825,12958,10667,4543
0500000US27141,"Sherburne County, Minnesota",7119,2095,12536,4873,21203,38547,36935,34768,7292,6274,4880,1633
0500000US34009,"Cape May County, New Jersey",4057,1604,7818,4042,15600,39377,38117,36599,14797,13090,10931,4555
0500000US35045,"San Juan County, New Mexico",9469,2525,16295,5562,24683,47629,45384,42487,12711,11000,8759,3509
0500000US36089,"St. Lawrence County, New York",6524,2004,11232,8371,23096,45820,44394,39637,12100,10482,8486,3251
0500000US37081,"Guilford County, North Carolina",33591,10479,60334,27319,103364,199068,192451,178543,50112,43363,34298,12917
0500000US39095,"Lucas County, Ohio",28350,8345,50698,20105,81949,162905,157753,148606,43134,37918,30482,11194
0500000US40143,"Tulsa County, Oklahoma",46573,13515,83998,28759,130604,241217,232402,220188,57987,49890,40125,14702
0500000US44003,"Kent County, Rhode Island",9420,3190,16645,6391,29272,66135,63376,61578,20040,16935,13153,5002
0500000US48039,"Brazoria County, Texas",28387,8788,50344,16137,79306,142232,136673,130900,29709,26451,19992,6936
0500000US48491,"Williamson County, Texas",42932,12581,74518,22820,120117,212512,204366,195029,43734,38469,30334,10755
0500000US53045,"Mason County, Washington",3944,1026,6073,3147,11822,28290,27490,26263,9137,7893,6998,2488
0500000US55105,"Rock County, Wisconsin",11322,3210,20050,7897,30566,63357,60867,57500,16542,14449,11888,4610
0500000US72097,"Mayag√ºez Municipio, Puerto Rico",3583,1359,6272,5819,14593,28931,28087,25545,8916,8322,7190,3361
0500000US06057,"Nevada County, California",5231,1343,8779,2698,15259,41080,40029,38743,17132,15149,12775,4569
0500000US12019,"Clay County, Florida",16055,5234,27182,9272,41267,84518,80882,76825,22591,20100,15952,5378
0500000US12055,"Highlands County, Florida",4731,2105,8674,4515,15628,43631,42189,39499,21540,20132,17741,9669
0500000US12131,"Walton County, Florida",4128,1108,6821,3138,12469,N,27813,26553,9495,8352,6975,2463
0500000US15009,"Maui County, Hawaii",10655,2985,17054,5999,30925,66802,65228,62729,19991,17605,14319,4977
0500000US23005,"Cumberland County, Maine",16003,5433,28526,12045,56337,118092,114312,109692,34046,30425,23641,8791
0500000US33015,"Rockingham County, New Hampshire",17304,6096,30757,11800,54379,125909,122208,117370,37063,32600,25488,9111
0500000US35031,"McKinley County, New Mexico",6798,1987,10609,3315,14212,25460,23916,22145,5826,4635,3573,1586
0500000US36011,"Cayuga County, New York",4486,1420,7945,3055,15305,32832,31819,30456,9441,8150,6663,2551
0500000US36047,"Kings County, New York",160493,44028,300639,101146,548695,951427,922639,882766,208386,182969,146753,58087
0500000US37089,"Henderson County, North Carolina",8070,1703,12135,3940,16037,45193,44195,42456,17076,15208,13109,5655
0500000US39057,"Greene County, Ohio",10124,3111,17898,10309,34087,67238,65097,59705,18202,16109,12975,4835
0500000US39139,"Richland County, Ohio",7438,2487,12885,5064,23959,49778,48078,46303,13925,12216,10061,4242
0500000US41033,"Josephine County, Oregon",4879,1642,9050,2575,13902,35247,34244,32925,13976,12684,10782,4281
0500000US42007,"Beaver County, Pennsylvania",8952,2602,15811,6045,27631,65975,64245,61740,21811,19115,15529,6291
0500000US42037,"Columbia County, Pennsylvania",3102,996,5916,4865,12767,26552,25849,23644,8052,6942,5599,2167
0500000US45031,"Darlington County, South Carolina",5465,1431,8970,3762,12490,25379,24179,22401,8005,7412,5437,1795
0500000US45079,"Richland County, South Carolina",24916,8169,44950,34315,96687,160909,155742,138683,32236,28176,22437,7580
0500000US48157,"Fort Bend County, Texas",63046,19340,109905,33055,155278,290712,276774,261364,61206,53046,39989,12677
0500000US48181,"Grayson County, Texas",9524,2748,16283,6188,25014,50761,48839,46242,13877,12753,10284,3912
0500000US48451,"Tom Green County, Texas",8390,2180,14685,7534,26495,46199,44766,40724,11377,10210,8196,2875
0500000US51019,"Bedford County, Virginia",4447,1668,7968,2940,12467,31864,30637,29130,11134,9780,7770,2906
0500000US53021,"Franklin County, Washington",8768,2334,15495,4541,21823,35116,33379,31629,7055,6072,4754,1628
0500000US53025,"Grant County, Washington",8483,2189,14311,5002,20279,36533,35478,33702,9805,9130,7358,2410
0500000US55109,"St. Croix County, Wisconsin",6519,2176,11252,3253,16685,34544,33077,31678,8583,7034,5873,2034
0500000US05045,"Faulkner County, Arkansas",8351,1990,14431,9033,27657,46894,46145,42296,10292,8738,6896,2373
0500000US06019,"Fresno County, California",81978,22291,143722,49770,214722,366882,352228,330925,78005,67625,54349,20936
0500000US08013,"Boulder County, Colorado",18098,5826,31129,24557,76051,136421,132492,121607,30982,26853,21161,7163
0500000US08041,"El Paso County, Colorado",48769,14208,87699,43762,164637,283069,273053,256264,59380,50862,41044,14042
0500000US12015,"Charlotte County, Florida",5812,2191,11725,5850,20504,79679,78415,75699,43934,40469,35863,17266
0500000US12057,"Hillsborough County, Florida",93110,27328,166145,64658,296569,556825,536663,509169,127429,112114,90655,34267
0500000US18043,"Floyd County, Indiana",4808,1661,8591,3293,14902,30015,29053,27705,7784,6921,5219,1920
0500000US21093,"Hardin County, Kentucky",8160,2371,14609,6078,22721,42885,41209,38999,10232,8650,6850,2490
0500000US22071,"Orleans Parish, Louisiana",21606,6154,39548,16099,80231,149403,145707,138642,35863,31210,24734,8629
0500000US23003,"Aroostook County, Maine",3291,1343,6237,2469,10512,27839,26630,25531,10632,9439,7423,2850
0500000US24005,"Baltimore County, Maryland",50906,15332,91088,35864,154208,311715,301648,284696,86886,76027,59856,23854
0500000US24043,"Washington County, Maryland",9996,3121,18026,6434,30809,62019,59894,57215,16807,13918,11364,4572
0500000US26125,"Oakland County, Michigan",74407,25027,134892,52624,242171,497861,481945,460751,133784,115768,92675,34960
0500000US34001,"Atlantic County, New Jersey",17353,4970,29683,12500,47368,103489,99950,94850,29138,25868,21163,8336
0500000US34023,"Middlesex County, New Jersey",51430,16008,91974,39106,170151,328755,317810,299433,78948,68069,54138,21146
0500000US34037,"Sussex County, New Jersey",7827,3038,14527,5737,25077,57879,55659,53359,17404,14876,11142,3982
0500000US35005,"Chaves County, New Mexico",4796,1604,8770,3140,12541,24633,23484,22065,7198,6213,5033,2392
0500000US35013,"Do√±a Ana County, New Mexico",15216,4191,26272,15421,46342,83239,80691,75585,22093,20094,16362,6538
0500000US36085,"Richmond County, New York",29930,9437,53302,20011,90931,183897,177463,169161,49137,42899,33233,11950
0500000US42071,"Lancaster County, Pennsylvania",36167,10932,65164,24437,101388,207608,200562,189591,60316,53591,43795,18632
0500000US42107,"Schuylkill County, Pennsylvania",8401,2885,14701,5077,27191,60961,58635,56710,17741,15630,12873,4988
0500000US42129,"Westmoreland County, Pennsylvania",18599,6396,32808,13011,57709,143271,139051,133648,48343,43625,34925,14126
0500000US45083,"Spartanburg County, South Carolina",20355,6255,35802,14776,59653,119874,115280,108893,31339,26753,21843,8134
0500000US48339,"Montgomery County, Texas",45174,14324,80924,25492,116649,223881,213475,202841,51389,43112,35128,12392
0500000US51087,"Henrico County, Virginia",21293,6242,38107,13816,62930,122447,118461,112716,29972,26372,21587,8011
0500000US51760,"Richmond city, Virginia",9878,3048,19556,13086,54811,90497,88173,82285,18237,15730,12292,4421
0500000US55035,"Eau Claire County, Wisconsin",6065,1897,11122,9048,23722,42302,40979,37793,10314,8880,7513,2848
0500000US55063,"La Crosse County, Wisconsin",6523,2154,11680,9019,25245,46747,45528,41686,11941,10344,8531,3380
0500000US01003,"Baldwin County, Alabama",14545,4481,24391,7025,35698,84020,81046,77653,27487,25163,20457,7751
0500000US05125,"Saline County, Arkansas",7536,2917,14248,5017,23257,47741,45289,42153,12889,11493,9991,4069
0500000US12009,"Brevard County, Florida",31085,9418,54317,23398,97894,241737,235294,223813,87156,77967,64689,28198
0500000US17091,"Kankakee County, Illinois",7737,2208,13449,6212,21432,42515,41319,38797,12343,10749,8369,3479
0500000US18005,"Bartholomew County, Indiana",4991,1831,9426,3452,17141,33495,31736,30389,8240,7183,5938,2524
0500000US18057,"Hamilton County, Indiana",26320,7336,45029,12759,63382,120847,115853,111116,26480,22888,17919,6615
0500000US19153,"Polk County, Iowa",34419,9637,61891,21069,102317,185421,178591,168510,39298,35581,27354,9799
0500000US20209,"Wyandotte County, Kansas",13063,3408,23453,7096,34047,60499,58412,55635,12871,10877,8769,3141
0500000US22045,"Iberia Parish, Louisiana",5392,1515,9176,3720,12896,26216,24933,22475,6987,5992,4683,1671
0500000US22103,"St. Tammany Parish, Louisiana",18019,5370,32383,9842,45098,97515,93874,88661,28079,24103,19750,7073
0500000US24001,"Allegany County, Maryland",3628,1092,6723,4879,15735,31893,31218,28343,8464,7470,6208,2670
0500000US25005,"Bristol County, Massachusetts",33555,10224,59117,26410,105996,220492,213997,202132,60310,53134,40629,15102
0500000US26021,"Berrien County, Michigan",9635,2627,16844,6967,27224,59999,58562,55213,19134,16936,13555,5465
0500000US26093,"Livingston County, Michigan",11636,4167,21031,8052,33986,77831,74892,70792,22831,19773,15366,5560
0500000US26103,"Marquette County, Michigan",3700,1054,6380,4798,13286,27394,26843,24974,8803,7719,6215,2325
0500000US29019,"Boone County, Missouri",11074,2718,19657,17361,43821,69726,67977,60725,14288,12712,9603,3566
0500000US34031,"Passaic County, New Jersey",33775,10164,61205,24219,100320,190865,184447,174338,46286,40209,31314,13016
0500000US35043,"Sandoval County, New Mexico",9908,2936,16953,5476,26639,56131,54212,51846,16033,14271,11975,4251
0500000US36093,"Schenectady County, New York",9951,3106,17539,8291,30150,60793,58673,55282,16516,14645,11300,4683
0500000US37031,"Carteret County, North Carolina",3875,1117,6820,2407,10505,28398,27405,26399,10582,9586,7998,3020
0500000US37155,"Robeson County, North Carolina",9312,2649,16868,6670,25521,49203,47296,43516,12898,11496,8739,2898
0500000US39133,"Portage County, Ohio",8281,2842,15313,12146,33137,66210,64028,58883,17584,15124,12228,4610
0500000US41047,"Marion County, Oregon",24649,7977,44449,16834,71467,135225,130538,123944,35399,31587,24193,9715
0500000US42027,"Centre County, Pennsylvania",6785,2232,12469,21577,45940,74244,72901,61650,14684,13375,10405,4106
0500000US42125,"Washington County, Pennsylvania",11710,3393,20001,9378,36160,83228,81091,77062,26813,23862,18807,7161
0500000US45059,"Laurens County, South Carolina",4332,1943,8287,3191,12239,26224,24779,22473,7711,7133,5837,2050
0500000US47001,"Anderson County, Tennessee",4350,1389,7891,2931,13505,29691,29046,27399,9912,8675,6788,2639
0500000US51085,"Hanover County, Virginia",7750,2180,12521,4503,18778,41461,39925,37700,11890,10601,8671,3673
0500000US53035,"Kitsap County, Washington",15768,4286,28388,15565,57070,112381,109698,105431,30952,27897,22355,7667
0500000US55055,"Jefferson County, Wisconsin",5314,1892,9325,4087,16319,34697,33117,30672,9937,8424,6777,2519
0500000US55087,"Outagamie County, Wisconsin",12925,3408,22158,7998,36940,72792,70817,67459,18343,15721,12578,4874
0500000US01049,"DeKalb County, Alabama",5088,1499,8965,3241,12741,27464,26083,24497,8407,7129,5423,1942
0500000US06007,"Butte County, California",12839,3813,23211,16244,49599,93518,90525,82723,26448,23811,19151,7517
0500000US06017,"El Dorado County, California",11085,3285,18699,7420,31063,77579,75828,72320,27580,24371,19658,6638
0500000US06025,"Imperial County, California",14148,3971,26087,10385,41079,70309,67568,63809,13522,12608,10742,4312
0500000US06029,"Kern County, California",74717,21575,131665,48800,206378,342655,328104,307832,66168,57649,45504,16664
0500000US06041,"Marin County, California",15697,5104,26557,8189,40371,103848,100742,97634,35517,31576,25698,10165
